Date,Temperature,Feels Like,Humidity,Weather,Wind Speed,Internal Temp
2019-05-05,17.27,16.6,79,Sunny,1.23,20.81
2019-05-06,12.84,14.6,66,Rainy,12.98,20.53
2019-05-07,16.42,17.56,72,Stormy,18.25,20.23
2019-05-08,17.65,19.18,100,Rainy,27.07,20.63
2019-05-09,15.38,15.49,61,Cloudy,27.42,19.28
2019-05-10,16.39,15.02,31,Stormy,1.86,19.75
2019-05-11,16.23,14.78,99,Sunny,14.93,19.23
2019-05-12,16.77,18.08,34,Broken clouds,13.45,19.48
2019-05-13,15.95,14.87,31,Cloudy,13.96,19.42
2019-05-14,17.51,15.59,65,Rainy,28.24,20.24
2019-05-15,15.72,14.14,41,Cloudy,7.4,19.22
2019-05-16,15.8,14.9,34,Rainy,18.0,19.93
2019-05-17,16.27,16.65,82,Broken clouds,15.05,19.43
2019-05-18,15.77,14.09,46,Stormy,14.25,19.5
2019-05-19,14.58,13.82,92,Broken clouds,4.95,19.91
2019-05-20,17.15,17.88,81,Sunny,5.25,20.65
2019-05-21,10.4,11.66,68,Sunny,24.96,20.83
2019-05-22,14.88,14.96,92,Sunny,13.88,19.28
2019-05-23,17.41,16.55,34,Windy,16.93,19.05
2019-05-24,12.06,14.04,84,Windy,18.52,20.76
2019-05-25,14.94,15.8,40,Broken clouds,1.5,19.35
2019-05-26,15.11,14.07,33,Cloudy,15.19,19.73
2019-05-27,15.01,14.46,64,Sunny,14.97,20.5
2019-05-28,12.57,10.82,50,Rainy,28.54,20.66
2019-05-29,11.73,12.57,41,Rainy,20.24,20.76
2019-05-30,15.2,14.36,34,Windy,1.79,19.58
2019-05-31,16.0,14.07,87,Windy,8.36,19.14
2019-06-01,16.29,15.93,78,Sunny,17.79,19.68
2019-06-02,17.01,17.07,93,Rainy,19.15,19.97
2019-06-03,19.35,20.68,43,Rainy,4.13,22.0
2019-06-04,20.54,19.79,43,Cloudy,4.16,19.28
2019-06-05,16.68,16.82,49,Broken clouds,21.65,19.6
2019-06-06,22.33,21.27,34,Windy,1.5,22.0
2019-06-07,22.21,20.32,95,Windy,24.8,22.0
2019-06-08,19.78,20.2,68,Sunny,23.51,22.0
2019-06-09,23.37,24.86,44,Broken clouds,20.97,22.0
2019-06-10,20.65,19.95,90,Broken clouds,12.57,19.4
2019-06-11,16.88,15.08,38,Broken clouds,16.62,20.75
2019-06-12,21.39,21.48,87,Broken clouds,21.75,22.0
2019-06-13,19.45,19.98,76,Sunny,3.79,19.12
2019-06-14,21.98,23.66,63,Stormy,7.69,22.0
2019-06-15,17.98,18.55,81,Sunny,21.35,19.54
2019-06-16,20.01,20.58,100,Broken clouds,1.6,22.0
2019-06-17,17.55,16.24,94,Stormy,18.93,19.35
2019-06-18,18.73,17.96,79,Broken clouds,26.19,19.13
2019-06-19,22.92,24.7,58,Broken clouds,3.99,22.0
2019-06-20,19.86,18.41,51,Windy,4.07,20.22
2019-06-21,18.19,18.33,100,Sunny,10.05,19.15
2019-06-22,19.41,18.54,49,Stormy,20.4,20.1
2019-06-23,20.72,22.43,86,Cloudy,10.85,22.0
2019-06-24,18.27,20.21,38,Broken clouds,19.43,22.0
2019-06-25,18.83,19.73,40,Sunny,25.52,19.7
2019-06-26,18.11,19.46,78,Sunny,5.65,20.2
2019-06-27,20.92,21.48,34,Broken clouds,21.64,22.0
2019-06-28,19.72,21.3,62,Sunny,10.8,22.0
2019-06-29,21.08,20.63,52,Stormy,28.55,22.0
2019-06-30,19.07,18.12,98,Broken clouds,10.56,20.29
2019-07-01,22.08,20.57,49,Broken clouds,19.73,22.0
2019-07-02,21.22,20.98,98,Rainy,6.6,22.0
2019-07-03,20.07,18.65,47,Sunny,7.02,20.26
2019-07-04,23.67,21.78,47,Sunny,6.01,22.0
2019-07-05,20.89,21.87,35,Rainy,17.96,22.0
2019-07-06,20.6,18.79,36,Rainy,18.8,19.47
2019-07-07,23.0,21.25,48,Sunny,9.28,22.0
2019-07-08,20.5,21.35,74,Sunny,29.93,22.0
2019-07-09,19.87,19.54,57,Broken clouds,6.96,20.37
2019-07-10,18.41,17.4,36,Stormy,4.04,19.24
2019-07-11,20.8,20.97,99,Sunny,1.52,22.0
2019-07-12,18.12,17.71,97,Sunny,2.65,19.45
2019-07-13,21.06,21.94,52,Sunny,6.37,22.0
2019-07-14,19.92,21.5,86,Windy,3.02,22.0
2019-07-15,19.65,18.35,35,Sunny,21.69,20.74
2019-07-16,21.78,22.96,30,Rainy,22.94,22.0
2019-07-17,22.34,24.19,81,Windy,12.04,22.0
2019-07-18,19.48,18.73,43,Windy,3.09,20.99
2019-07-19,21.35,21.13,75,Sunny,16.3,22.0
2019-07-20,20.96,22.09,59,Stormy,15.91,22.0
2019-07-21,20.67,19.44,70,Rainy,25.02,20.35
2019-07-22,19.25,18.54,92,Cloudy,22.54,19.33
2019-07-23,23.95,23.14,73,Windy,12.17,22.0
2019-07-24,20.47,19.62,85,Sunny,26.67,19.45
2019-07-25,20.95,21.74,99,Broken clouds,26.95,22.0
2019-07-26,25.45,25.0,43,Stormy,26.58,22.0
2019-07-27,23.19,22.94,32,Sunny,18.58,22.0
2019-07-28,18.44,17.66,94,Sunny,29.14,19.57
2019-07-29,22.75,22.82,51,Sunny,7.69,22.0
2019-07-30,23.46,24.18,74,Stormy,1.38,22.0
2019-07-31,22.99,21.6,81,Cloudy,28.9,22.0
2019-08-01,19.06,18.63,32,Broken clouds,17.65,20.1
2019-08-02,18.24,18.0,37,Rainy,9.0,20.41
2019-08-03,21.3,19.8,50,Windy,27.57,19.26
2019-08-04,23.89,22.22,98,Windy,9.22,22.0
2019-08-05,20.04,19.13,36,Sunny,20.61,20.79
2019-08-06,24.72,25.06,32,Broken clouds,29.1,22.0
2019-08-07,23.83,22.88,81,Cloudy,0.19,22.0
2019-08-08,22.45,21.5,85,Broken clouds,1.75,22.0
2019-08-09,20.1,19.1,65,Rainy,20.47,20.63
2019-08-10,21.33,20.66,39,Sunny,11.83,22.0
2019-08-11,17.29,15.47,42,Stormy,27.79,20.58
2019-08-12,19.29,17.84,100,Cloudy,24.77,19.96
2019-08-13,23.25,23.68,49,Windy,10.48,22.0
2019-08-14,18.93,20.11,80,Broken clouds,0.07,22.0
2019-08-15,16.85,16.16,41,Rainy,2.75,19.95
2019-08-16,21.76,20.91,82,Cloudy,9.13,22.0
2019-08-17,19.74,18.31,34,Broken clouds,8.31,19.42
2019-08-18,19.54,18.5,41,Rainy,3.5,20.35
2019-08-19,22.25,21.89,99,Windy,27.4,22.0
2019-08-20,22.52,23.03,33,Stormy,19.35,22.0
2019-08-21,20.46,18.94,61,Broken clouds,14.44,20.23
2019-08-22,25.16,23.16,54,Windy,27.69,22.0
2019-08-23,21.14,21.58,39,Stormy,2.62,22.0
2019-08-24,21.76,22.1,33,Stormy,3.75,22.0
2019-08-25,23.87,21.96,57,Stormy,12.08,22.0
2019-08-26,22.72,22.97,40,Stormy,24.23,22.0
2019-08-27,21.58,23.43,42,Broken clouds,26.42,22.0
2019-08-28,18.08,19.78,33,Sunny,2.95,20.14
2019-08-29,20.55,22.54,91,Windy,19.83,22.0
2019-08-30,23.96,22.15,49,Rainy,17.64,22.0
2019-08-31,20.15,19.48,33,Windy,12.08,19.4
2019-09-01,18.77,18.88,65,Broken clouds,18.88,19.04
2019-09-02,18.21,17.64,72,Sunny,23.3,20.47
2019-09-03,17.59,17.82,70,Sunny,1.06,20.56
2019-09-04,18.04,18.89,94,Cloudy,25.84,20.49
2019-09-05,17.44,15.88,65,Broken clouds,22.98,19.08
2019-09-06,19.7,20.33,63,Sunny,4.36,22.0
2019-09-07,15.0,14.64,61,Sunny,2.01,19.59
2019-09-08,20.87,22.25,60,Windy,14.93,22.0
2019-09-09,19.05,20.63,51,Broken clouds,29.27,22.0
2019-09-10,16.39,17.43,71,Stormy,21.94,20.82
2019-09-11,18.84,17.97,99,Cloudy,28.55,19.36
2019-09-12,17.12,18.66,92,Broken clouds,12.94,20.91
2019-09-13,16.8,15.23,63,Broken clouds,25.24,19.11
2019-09-14,14.91,16.85,92,Sunny,3.9,19.97
2019-09-15,20.76,19.53,97,Stormy,3.02,20.06
2019-09-16,15.33,15.16,39,Cloudy,10.35,20.32
2019-09-17,14.36,13.59,96,Broken clouds,6.31,20.99
2019-09-18,16.84,16.06,32,Rainy,18.92,20.11
2019-09-19,16.7,18.15,36,Broken clouds,14.35,20.89
2019-09-20,12.35,10.63,58,Windy,7.52,19.74
2019-09-21,20.29,19.81,45,Rainy,8.85,19.09
2019-09-22,19.4,20.83,91,Windy,22.61,22.0
2019-09-23,23.71,24.86,76,Windy,25.13,22.0
2019-09-24,15.93,14.42,82,Sunny,15.77,20.62
2019-09-25,16.83,18.28,52,Windy,29.54,19.49
2019-09-26,17.7,19.18,61,Rainy,2.04,19.65
2019-09-27,17.86,17.06,98,Cloudy,25.76,19.6
2019-09-28,18.71,20.56,82,Rainy,22.92,22.0
2019-09-29,21.66,20.4,35,Broken clouds,6.81,22.0
2019-09-30,17.7,19.58,38,Cloudy,11.2,20.67
2019-10-01,17.75,18.35,55,Stormy,15.59,19.59
2019-10-02,12.07,10.99,58,Sunny,12.16,20.67
2019-10-03,17.21,17.8,35,Broken clouds,5.32,20.36
2019-10-04,15.28,14.3,43,Windy,13.55,20.68
2019-10-05,17.03,16.61,56,Windy,13.01,19.69
2019-10-06,13.67,13.26,63,Windy,11.84,19.44
2019-10-07,16.74,15.36,42,Rainy,9.08,19.26
2019-10-08,15.61,13.7,39,Broken clouds,8.73,19.52
2019-10-09,14.09,15.3,63,Windy,14.45,20.53
2019-10-10,14.21,15.75,90,Cloudy,13.16,19.48
2019-10-11,14.38,14.83,65,Windy,17.39,20.21
2019-10-12,17.31,18.3,56,Cloudy,11.51,19.01
2019-10-13,11.59,11.83,100,Windy,19.6,19.66
2019-10-14,11.25,12.87,48,Windy,23.11,19.57
2019-10-15,10.88,10.29,51,Windy,29.18,19.46
2019-10-16,16.09,16.54,83,Windy,14.84,20.32
2019-10-17,17.0,17.62,95,Sunny,10.64,20.49
2019-10-18,12.71,11.2,86,Broken clouds,25.34,19.21
2019-10-19,13.21,14.94,96,Windy,19.14,19.14
2019-10-20,12.71,11.12,39,Cloudy,14.18,20.64
2019-10-21,12.36,13.19,75,Cloudy,0.48,20.26
2019-10-22,12.74,11.28,42,Windy,24.32,19.97
2019-10-23,12.37,13.38,85,Rainy,17.53,20.94
2019-10-24,16.66,14.82,70,Broken clouds,7.85,20.54
2019-10-25,15.67,13.95,32,Sunny,19.86,20.76
2019-10-26,13.71,15.65,68,Windy,19.36,20.85
2019-10-27,12.43,10.93,66,Cloudy,1.82,20.19
2019-10-28,12.78,13.61,30,Cloudy,15.98,20.89
2019-10-29,14.44,14.81,80,Windy,21.88,20.51
2019-10-30,14.57,16.35,36,Broken clouds,23.33,20.54
2019-10-31,18.47,18.4,59,Broken clouds,15.2,20.05
2019-11-01,9.56,8.49,47,Windy,11.05,20.03
2019-11-02,7.37,8.93,82,Stormy,8.56,21.92
2019-11-03,7.92,7.38,41,Cloudy,22.29,21.16
2019-11-04,8.48,6.89,73,Rainy,0.71,21.23
2019-11-05,7.5,9.46,98,Rainy,15.71,21.92
2019-11-06,9.61,8.47,34,Cloudy,25.75,22.0
2019-11-07,6.52,5.05,43,Stormy,18.95,20.42
2019-11-08,10.02,9.58,97,Rainy,4.54,21.06
2019-11-09,11.45,12.85,91,Sunny,12.23,20.81
2019-11-10,9.28,11.13,31,Broken clouds,16.25,19.52
2019-11-11,7.07,5.53,94,Windy,13.26,21.09
2019-11-12,8.43,7.38,95,Sunny,23.36,21.17
2019-11-13,7.26,8.08,63,Rainy,2.18,20.62
2019-11-14,10.1,11.94,76,Rainy,14.36,21.0
2019-11-15,7.8,7.68,56,Rainy,24.4,20.11
2019-11-16,9.25,10.38,43,Rainy,13.17,19.57
2019-11-17,8.14,7.66,90,Broken clouds,0.33,20.97
2019-11-18,8.78,6.87,79,Stormy,17.45,20.22
2019-11-19,4.79,3.41,93,Sunny,23.16,21.32
2019-11-20,6.93,7.48,84,Rainy,4.46,21.8
2019-11-21,11.19,12.14,88,Sunny,13.03,20.29
2019-11-22,8.3,8.89,67,Sunny,26.8,21.82
2019-11-23,7.69,7.67,90,Windy,29.14,20.31
2019-11-24,7.32,5.57,92,Rainy,11.47,21.35
2019-11-25,10.77,9.03,49,Sunny,27.56,20.63
2019-11-26,12.07,10.34,43,Sunny,5.09,20.71
2019-11-27,10.01,8.43,57,Stormy,26.03,21.19
2019-11-28,7.02,5.67,63,Stormy,27.02,21.07
2019-11-29,11.58,11.87,34,Cloudy,23.52,20.2
2019-11-30,8.63,8.05,69,Rainy,1.52,20.6
2019-12-01,5.43,5.06,80,Cloudy,13.26,21.83
2019-12-02,3.86,4.38,82,Rainy,23.89,20.94
2019-12-03,4.69,4.4,46,Broken Clouds,10.02,21.07
2019-12-04,6.27,7.7,97,Sunny,2.82,21.48
2019-12-05,4.18,4.66,37,Sunny,12.57,20.37
2019-12-06,2.54,3.07,73,Rainy,4.24,20.62
2019-12-07,0.45,-0.27,81,Broken Clouds,18.52,23.51
2019-12-08,6.09,7.65,46,Broken clouds,24.47,20.94
2019-12-09,2.25,0.91,97,Sunny,5.62,21.02
2019-12-10,5.51,7.28,60,Broken clouds,9.8,21.42
2019-12-11,6.59,7.61,64,Rainy,15.83,20.45
2019-12-12,6.86,4.86,59,Broken clouds,16.78,21.86
2019-12-13,4.18,3.12,93,Stormy,27.22,20.56
2019-12-14,3.3,2.01,81,Cloudy,28.87,21.37
2019-12-15,2.92,2.15,64,Stormy,19.92,20.31
2019-12-16,2.11,1.97,55,Sunny,1.87,21.11
2019-12-17,7.39,7.58,30,Cloudy,4.5,20.6
2019-12-18,0.6,1.45,44,Broken Clouds,23.83,20.08
2019-12-19,5.5,6.42,35,Rainy,0.83,21.8
2019-12-20,8.08,9.64,98,Rainy,15.81,21.1
2019-12-21,2.36,2.95,73,Snowy,11.57,20.46
2019-12-22,1.9,3.39,54,Rainy,18.25,21.53
2019-12-23,6.85,6.13,39,Windy,27.63,21.19
2019-12-24,2.83,3.77,90,Snowy,14.67,21.41
2019-12-25,7.23,7.93,73,Sunny,29.33,20.39
2019-12-26,3.3,4.08,97,Stormy,3.59,21.76
2019-12-27,0.36,-1.6,46,Stormy,15.69,24.58
2019-12-28,7.29,7.0,78,Broken clouds,17.1,20.26
2019-12-29,3.67,2.73,84,Broken Clouds,24.95,20.87
2019-12-30,4.07,4.3,60,Snowy,27.93,20.5
2019-12-31,3.79,4.77,75,Stormy,27.06,20.51
2020-01-01,7.02,8.26,51,Stormy,26.68,21.95
2020-01-02,4.76,6.46,88,Sunny,8.48,20.38
2020-01-03,6.83,5.95,86,Stormy,25.72,20.33
2020-01-04,4.11,2.79,81,Stormy,26.85,22.0
2020-01-05,6.61,4.76,49,Stormy,24.11,21.1
2020-01-06,4.68,3.75,42,Sunny,12.68,21.88
2020-01-07,0.56,2.53,40,Broken Clouds,5.06,20.02
2020-01-08,3.91,5.62,40,Sunny,29.53,20.99
2020-01-09,3.0,4.09,100,Cloudy,28.79,21.53
2020-01-10,-0.52,-0.86,35,Sunny,5.95,26.45
2020-01-11,7.13,5.41,42,Sunny,11.46,20.81
2020-01-12,7.68,7.63,91,Windy,27.28,21.51
2020-01-13,4.74,6.52,100,Snowy,28.65,21.39
2020-01-14,4.43,6.14,71,Snowy,23.28,21.85
2020-01-15,-0.28,-0.2,84,Snowy,23.96,26.29
2020-01-16,3.07,3.7,81,Stormy,27.3,21.15
2020-01-17,4.87,6.11,86,Broken Clouds,21.1,21.95
2020-01-18,4.48,5.85,43,Cloudy,19.65,21.73
2020-01-19,4.95,6.18,52,Stormy,4.25,20.05
2020-01-20,4.09,4.94,64,Cloudy,27.74,21.57
2020-01-21,5.4,5.2,31,Cloudy,29.76,20.69
2020-01-22,4.17,5.17,43,Sunny,1.4,21.04
2020-01-23,2.36,0.58,93,Broken Clouds,17.11,21.16
2020-01-24,-0.52,-1.34,33,Rainy,25.63,23.18
2020-01-25,4.11,4.34,72,Broken Clouds,2.53,20.98
2020-01-26,4.36,3.9,77,Rainy,19.21,20.31
2020-01-27,5.36,6.78,100,Sunny,24.62,21.34
2020-01-28,5.09,4.73,92,Stormy,6.63,20.26
2020-01-29,2.69,1.12,96,Snowy,8.71,20.96
2020-01-30,3.4,1.95,43,Rainy,20.72,20.33
2020-01-31,3.33,1.85,99,Stormy,10.86,20.7
2020-02-01,3.27,2.96,47,Sunny,17.25,21.71
2020-02-02,2.3,1.87,67,Rainy,15.99,20.97
2020-02-03,4.07,4.02,35,Stormy,3.22,20.88
2020-02-04,1.2,2.89,32,Cloudy,7.69,21.41
2020-02-05,5.19,3.25,86,Stormy,19.83,20.76
2020-02-06,1.25,0.11,87,Sunny,29.99,20.26
2020-02-07,5.82,4.3,80,Stormy,28.82,21.88
2020-02-08,8.59,10.24,95,Sunny,23.26,19.82
2020-02-09,7.67,9.24,32,Sunny,22.21,20.76
2020-02-10,5.99,4.57,62,Sunny,9.2,21.35
2020-02-11,3.27,3.39,73,Broken Clouds,4.6,21.13
2020-02-12,3.33,2.19,95,Rainy,22.91,20.74
2020-02-13,4.11,3.08,48,Sunny,3.91,20.38
2020-02-14,3.33,1.47,49,Sunny,8.95,20.71
2020-02-15,2.68,1.29,89,Rainy,1.27,21.43
2020-02-16,5.79,3.96,57,Windy,10.11,20.95
2020-02-17,4.22,4.23,100,Rainy,9.95,20.87
2020-02-18,1.38,0.03,39,Stormy,17.45,21.18
2020-02-19,4.7,5.2,44,Cloudy,6.04,20.49
2020-02-20,2.71,4.33,45,Cloudy,22.28,20.02
2020-02-21,4.95,6.86,44,Stormy,7.6,20.78
2020-02-22,8.21,9.75,37,Windy,13.54,20.38
2020-02-23,5.15,4.64,89,Sunny,12.55,21.59
2020-02-24,1.67,3.31,97,Stormy,16.6,21.16
2020-02-25,7.87,9.55,50,Rainy,11.51,20.33
2020-02-26,3.52,2.24,62,Snowy,6.77,20.38
2020-02-27,0.93,2.16,53,Rainy,6.45,20.75
2020-02-28,3.96,3.97,75,Cloudy,27.9,20.18
2020-02-29,1.98,0.48,70,Sunny,20.27,21.39
2020-03-01,5.83,5.22,94,Broken clouds,27.47,21.38
2020-03-02,5.01,6.28,39,Stormy,7.4,20.15
2020-03-03,9.22,9.74,55,Windy,18.13,21.05
2020-03-04,7.99,7.4,63,Cloudy,0.25,20.86
2020-03-05,7.02,7.95,91,Rainy,13.28,21.13
2020-03-06,9.13,7.21,75,Stormy,17.85,20.85
2020-03-07,8.65,9.98,89,Cloudy,13.51,21.61
2020-03-08,4.82,5.72,99,Rainy,19.82,20.27
2020-03-09,7.11,7.41,37,Cloudy,21.13,20.97
2020-03-10,8.73,8.15,36,Cloudy,0.17,20.86
2020-03-11,4.56,4.78,30,Stormy,22.32,20.72
2020-03-12,6.11,5.74,96,Windy,7.32,21.48
2020-03-13,9.16,11.12,87,Broken clouds,4.28,20.86
2020-03-14,8.19,7.47,80,Stormy,12.89,21.4
2020-03-15,7.84,9.79,90,Cloudy,23.26,20.71
2020-03-16,3.82,5.37,56,Broken Clouds,22.12,20.45
2020-03-17,5.67,4.85,39,Sunny,5.64,21.82
2020-03-18,5.64,4.29,85,Cloudy,8.34,21.39
2020-03-19,7.82,6.85,54,Cloudy,14.51,20.4
2020-03-20,5.5,3.64,37,Broken clouds,10.38,21.21
2020-03-21,4.37,3.35,48,Snowy,5.02,20.81
2020-03-22,5.06,3.98,40,Windy,9.5,20.35
2020-03-23,6.98,5.98,55,Sunny,13.09,20.66
2020-03-24,10.09,9.93,61,Sunny,28.87,21.66
2020-03-25,6.33,7.54,57,Broken clouds,21.62,20.09
2020-03-26,7.53,5.73,94,Windy,23.84,20.3
2020-03-27,5.05,4.22,70,Windy,23.02,20.6
2020-03-28,6.83,6.83,98,Cloudy,2.1,20.86
2020-03-29,3.63,3.62,57,Rainy,7.63,20.58
2020-03-30,8.45,6.82,57,Cloudy,10.46,20.32
2020-03-31,9.56,7.72,54,Sunny,5.51,20.78
2020-04-01,11.67,12.7,65,Windy,21.6,20.28
2020-04-02,9.61,7.94,55,Rainy,29.1,21.96
2020-04-03,10.22,8.69,72,Rainy,20.68,21.66
2020-04-04,8.99,7.02,80,Broken clouds,28.27,21.79
2020-04-05,11.57,11.19,71,Sunny,5.82,19.47
2020-04-06,8.79,10.15,80,Rainy,17.21,20.24
2020-04-07,10.98,10.37,96,Windy,18.69,19.34
2020-04-08,10.46,9.24,83,Cloudy,27.39,21.55
2020-04-09,16.15,14.33,54,Cloudy,2.98,20.37
2020-04-10,14.47,12.93,98,Sunny,16.01,19.67
2020-04-11,8.58,9.62,91,Windy,25.7,20.14
2020-04-12,10.55,10.48,35,Sunny,8.63,20.73
2020-04-13,13.72,14.52,86,Rainy,29.52,20.13
2020-04-14,10.23,8.99,83,Broken clouds,8.84,21.02
2020-04-15,13.42,14.12,49,Rainy,8.75,19.0
2020-04-16,7.94,7.89,49,Stormy,22.67,20.76
2020-04-17,12.19,14.07,31,Broken clouds,9.71,19.71
2020-04-18,12.81,14.44,46,Windy,14.96,19.69
2020-04-19,10.38,9.3,60,Stormy,10.7,21.18
2020-04-20,9.89,11.68,76,Windy,11.12,20.83
2020-04-21,8.21,8.32,53,Cloudy,9.28,21.59
2020-04-22,10.76,9.96,96,Rainy,27.05,21.67
2020-04-23,9.78,9.95,73,Stormy,16.18,21.86
2020-04-24,7.09,6.46,92,Sunny,8.98,20.14
2020-04-25,18.55,16.89,34,Cloudy,24.82,20.82
2020-04-26,10.8,9.18,87,Broken clouds,25.22,20.04
2020-04-27,12.46,12.17,75,Windy,13.59,20.51
2020-04-28,12.84,14.7,91,Cloudy,10.39,19.24
2020-04-29,12.38,13.64,83,Broken clouds,15.73,19.09
2020-04-30,7.08,7.25,71,Stormy,23.67,20.17
2020-05-01,20.71,19.11,83,Broken clouds,20.03,20.0
2020-05-02,16.01,16.59,69,Rainy,26.73,20.56
2020-05-03,15.04,13.79,62,Rainy,15.02,20.12
2020-05-04,18.56,18.01,76,Sunny,29.94,20.0
2020-05-05,15.29,14.02,45,Cloudy,15.55,20.38
2020-05-06,15.38,16.27,82,Sunny,1.23,19.99
2020-05-07,14.46,16.27,56,Cloudy,9.58,20.54
2020-05-08,17.3,15.57,60,Cloudy,26.31,20.18
2020-05-09,15.94,15.59,81,Cloudy,25.13,19.44
2020-05-10,13.21,15.02,61,Windy,4.47,20.13
2020-05-11,15.24,16.93,78,Rainy,8.27,20.73
2020-05-12,17.6,17.73,52,Stormy,5.43,19.86
2020-05-13,15.27,16.09,43,Sunny,15.95,19.76
2020-05-14,18.29,16.79,77,Stormy,29.77,20.9
2020-05-15,13.72,13.6,85,Windy,15.06,20.3
2020-05-16,13.82,14.69,75,Cloudy,20.9,19.43
2020-05-17,15.41,13.48,96,Rainy,14.69,19.5
2020-05-18,14.97,13.83,77,Stormy,16.82,19.03
2020-05-19,16.95,15.99,63,Broken clouds,11.6,19.61
2020-05-20,17.05,15.1,60,Cloudy,26.58,19.01
2020-05-21,17.74,17.24,73,Rainy,23.8,19.18
2020-05-22,14.99,15.39,34,Rainy,11.3,19.09
2020-05-23,17.07,17.52,46,Stormy,28.11,20.59
2020-05-24,18.98,17.35,36,Stormy,5.58,20.51
2020-05-25,13.25,15.14,46,Sunny,1.27,19.52
2020-05-26,14.82,15.99,75,Windy,13.02,19.5
2020-05-27,18.14,18.03,65,Rainy,29.79,19.47
2020-05-28,17.69,19.31,30,Rainy,9.0,20.37
2020-05-29,16.98,18.23,31,Cloudy,17.34,19.25
2020-05-30,16.8,15.8,99,Rainy,18.08,20.44
2020-05-31,17.24,16.23,80,Sunny,29.38,20.48
2020-06-01,21.76,22.38,49,Stormy,8.49,22.0
2020-06-02,18.18,19.25,31,Stormy,20.13,20.93
2020-06-03,19.14,19.25,83,Broken clouds,0.1,19.55
2020-06-04,15.85,15.83,70,Cloudy,12.26,20.95
2020-06-05,19.87,20.05,43,Cloudy,20.15,22.0
2020-06-06,18.96,19.12,69,Stormy,3.81,19.52
2020-06-07,20.14,20.12,73,Sunny,24.02,22.0
2020-06-08,21.13,21.04,88,Broken clouds,8.06,22.0
2020-06-09,16.82,15.04,64,Sunny,16.8,19.96
2020-06-10,16.83,15.05,63,Stormy,8.0,19.97
2020-06-11,20.06,18.67,54,Broken clouds,27.39,19.96
2020-06-12,15.34,13.91,78,Stormy,11.88,19.54
2020-06-13,18.76,17.16,70,Sunny,19.22,19.18
2020-06-14,20.83,21.82,69,Sunny,20.18,22.0
2020-06-15,20.29,20.12,47,Broken clouds,1.7,22.0
2020-06-16,19.55,19.76,39,Windy,29.87,19.32
2020-06-17,17.18,15.92,65,Cloudy,12.17,20.54
2020-06-18,17.58,16.25,54,Stormy,9.52,20.2
2020-06-19,22.09,22.22,63,Windy,10.45,22.0
2020-06-20,20.58,22.25,31,Rainy,29.04,22.0
2020-06-21,20.77,20.68,79,Sunny,24.73,22.0
2020-06-22,24.7,25.28,75,Broken clouds,26.03,22.0
2020-06-23,19.17,18.36,90,Broken clouds,10.92,19.37
2020-06-24,20.49,21.85,35,Windy,21.78,22.0
2020-06-25,20.81,22.18,43,Sunny,6.26,22.0
2020-06-26,20.47,22.4,45,Stormy,16.62,22.0
2020-06-27,21.94,22.26,56,Sunny,28.96,22.0
2020-06-28,20.52,21.83,57,Sunny,25.45,22.0
2020-06-29,16.52,17.19,75,Rainy,11.83,20.71
2020-06-30,20.92,19.03,30,Stormy,25.21,19.92
2020-07-01,15.46,16.22,61,Broken clouds,9.1,19.27
2020-07-02,20.05,20.14,89,Broken clouds,27.47,22.0
2020-07-03,26.29,24.72,87,Sunny,27.55,22.0
2020-07-04,21.91,22.92,32,Windy,21.29,22.0
2020-07-05,19.52,20.06,51,Rainy,1.42,22.0
2020-07-06,21.86,22.97,40,Stormy,21.78,22.0
2020-07-07,22.51,21.15,58,Sunny,21.0,22.0
2020-07-08,19.97,19.91,76,Sunny,27.0,20.26
2020-07-09,21.25,21.37,77,Cloudy,16.35,22.0
2020-07-10,21.09,22.09,67,Broken clouds,17.59,22.0
2020-07-11,20.86,21.04,40,Windy,6.47,22.0
2020-07-12,21.28,22.48,41,Sunny,16.93,22.0
2020-07-13,22.59,23.83,82,Broken clouds,2.89,22.0
2020-07-14,23.34,21.53,52,Stormy,12.84,22.0
2020-07-15,20.0,18.45,60,Rainy,13.94,19.44
2020-07-16,24.04,23.19,58,Stormy,27.08,22.0
2020-07-17,22.92,21.71,76,Broken clouds,26.97,22.0
2020-07-18,22.04,22.22,84,Rainy,20.74,22.0
2020-07-19,23.19,22.38,70,Broken clouds,28.06,22.0
2020-07-20,20.92,19.78,62,Stormy,3.61,20.34
2020-07-21,22.35,20.76,58,Rainy,18.73,22.0
2020-07-22,21.67,21.3,50,Stormy,7.38,22.0
2020-07-23,22.12,23.97,77,Sunny,12.41,22.0
2020-07-24,22.85,23.58,62,Stormy,14.25,22.0
2020-07-25,22.31,20.67,69,Sunny,17.61,22.0
2020-07-26,22.03,22.81,88,Stormy,5.86,22.0
2020-07-27,19.91,21.65,35,Cloudy,8.78,22.0
2020-07-28,21.95,20.16,100,Windy,22.57,22.0
2020-07-29,22.18,20.51,98,Rainy,4.56,22.0
2020-07-30,21.58,22.62,73,Rainy,5.38,22.0
2020-07-31,22.93,21.11,81,Cloudy,14.6,22.0
2020-08-01,23.01,24.11,48,Cloudy,25.64,22.0
2020-08-02,21.09,22.41,67,Rainy,7.94,22.0
2020-08-03,24.93,25.46,82,Stormy,7.8,22.0
2020-08-04,22.9,23.64,88,Sunny,4.34,22.0
2020-08-05,23.96,25.18,66,Broken clouds,17.56,22.0
2020-08-06,20.02,20.49,71,Sunny,8.43,22.0
2020-08-07,20.99,20.12,50,Cloudy,3.53,22.0
2020-08-08,19.35,17.49,33,Broken clouds,29.64,21.0
2020-08-09,21.06,21.46,82,Broken clouds,11.42,22.0
2020-08-10,23.35,24.42,98,Sunny,18.54,22.0
2020-08-11,20.89,20.07,51,Broken clouds,2.55,22.0
2020-08-12,22.3,22.32,52,Windy,12.21,22.0
2020-08-13,19.68,21.04,81,Windy,14.7,22.0
2020-08-14,24.68,23.96,94,Rainy,4.99,22.0
2020-08-15,22.84,24.8,44,Windy,16.1,22.0
2020-08-16,22.7,22.63,44,Broken clouds,18.83,22.0
2020-08-17,22.39,23.98,46,Cloudy,19.38,22.0
2020-08-18,18.45,19.59,75,Windy,13.63,19.89
2020-08-19,23.14,24.98,49,Broken clouds,16.87,22.0
2020-08-20,19.53,20.44,62,Rainy,10.55,22.0
2020-08-21,24.27,25.09,30,Sunny,13.99,22.0
2020-08-22,22.22,21.66,81,Stormy,20.5,22.0
2020-08-23,17.56,18.02,94,Windy,14.38,19.08
2020-08-24,23.14,23.23,54,Cloudy,17.51,22.0
2020-08-25,22.69,20.78,77,Cloudy,28.2,22.0
2020-08-26,23.75,22.75,84,Broken clouds,4.49,22.0
2020-08-27,24.69,24.95,80,Broken clouds,13.01,22.0
2020-08-28,22.68,20.78,51,Sunny,1.03,22.0
2020-08-29,24.54,22.56,33,Stormy,21.3,22.0
2020-08-30,21.01,19.71,71,Cloudy,7.5,19.46
2020-08-31,18.12,16.94,63,Cloudy,12.99,20.32
2020-09-01,19.56,18.33,42,Broken clouds,2.95,19.36
2020-09-02,18.93,17.69,83,Rainy,29.07,19.27
2020-09-03,17.26,17.73,43,Cloudy,17.4,19.75
2020-09-04,18.92,18.1,56,Windy,21.22,19.28
2020-09-05,17.74,17.19,83,Broken clouds,3.98,20.51
2020-09-06,15.26,13.5,65,Stormy,19.14,20.43
2020-09-07,21.48,20.96,48,Windy,0.23,22.0
2020-09-08,19.85,20.68,94,Stormy,26.71,22.0
2020-09-09,20.05,21.33,57,Windy,18.8,22.0
2020-09-10,18.57,19.09,38,Sunny,16.43,19.29
2020-09-11,18.25,17.21,78,Sunny,12.78,19.56
2020-09-12,15.93,16.89,30,Sunny,5.44,19.78
2020-09-13,15.6,17.06,46,Sunny,25.02,20.51
2020-09-14,18.58,17.72,62,Sunny,10.87,19.86
2020-09-15,15.67,15.68,49,Rainy,7.55,19.58
2020-09-16,20.19,20.9,85,Sunny,1.15,22.0
2020-09-17,17.81,16.15,79,Windy,12.63,19.69
2020-09-18,20.64,19.7,30,Cloudy,2.9,20.72
2020-09-19,16.43,16.09,90,Windy,10.3,20.07
2020-09-20,14.35,12.99,77,Windy,15.91,20.06
2020-09-21,14.9,16.25,46,Sunny,11.56,20.11
2020-09-22,15.87,15.34,61,Cloudy,12.58,19.41
2020-09-23,20.38,21.7,53,Cloudy,16.52,22.0
2020-09-24,18.39,19.61,64,Sunny,13.89,20.39
2020-09-25,17.8,18.24,71,Cloudy,11.99,20.4
2020-09-26,14.77,15.48,100,Windy,12.96,20.26
2020-09-27,15.12,15.71,79,Sunny,22.36,19.38
2020-09-28,17.83,19.0,88,Stormy,26.57,19.51
2020-09-29,18.42,17.25,75,Cloudy,19.53,19.63
2020-09-30,17.15,16.32,55,Rainy,18.1,20.38
2020-10-01,10.89,11.24,52,Windy,10.3,20.65
2020-10-02,13.27,12.65,99,Windy,28.99,19.49
2020-10-03,15.24,16.58,95,Sunny,24.14,19.68
2020-10-04,13.54,11.82,37,Broken clouds,6.65,19.08
2020-10-05,14.41,15.26,96,Sunny,13.79,19.77
2020-10-06,11.37,10.12,86,Sunny,25.18,20.83
2020-10-07,13.75,13.69,86,Stormy,6.78,20.76
2020-10-08,15.21,14.35,64,Cloudy,1.06,20.86
2020-10-09,13.3,14.33,32,Cloudy,21.59,20.2
2020-10-10,13.8,15.27,61,Rainy,22.43,19.33
2020-10-11,12.4,13.95,71,Sunny,0.61,20.81
2020-10-12,12.0,10.53,57,Rainy,5.82,19.62
2020-10-13,15.51,13.66,85,Rainy,29.08,20.15
2020-10-14,15.34,14.51,39,Cloudy,26.74,19.01
2020-10-15,15.53,13.8,52,Cloudy,14.66,19.38
2020-10-16,18.07,18.39,45,Stormy,8.85,19.88
2020-10-17,17.13,15.57,62,Broken clouds,9.37,20.24
2020-10-18,11.37,10.36,57,Cloudy,6.54,20.4
2020-10-19,16.43,16.54,95,Sunny,15.97,20.28
2020-10-20,12.94,11.5,64,Cloudy,18.73,19.85
2020-10-21,13.47,13.73,41,Sunny,3.02,19.84
2020-10-22,15.1,15.05,48,Sunny,3.54,20.85
2020-10-23,19.09,18.86,70,Cloudy,15.56,20.85
2020-10-24,14.92,14.35,94,Stormy,29.34,19.37
2020-10-25,15.4,14.68,74,Sunny,12.78,20.62
2020-10-26,17.8,17.3,63,Stormy,1.46,20.32
2020-10-27,14.17,15.03,47,Sunny,0.58,19.63
2020-10-28,16.5,18.11,68,Sunny,28.83,19.85
2020-10-29,15.67,14.29,67,Windy,13.79,19.38
2020-10-30,16.09,16.22,43,Sunny,17.41,19.87
2020-10-31,16.71,15.04,55,Sunny,21.8,20.74
2020-11-01,11.3,9.71,41,Stormy,22.55,21.73
2020-11-02,11.74,12.07,87,Stormy,11.93,19.05
2020-11-03,7.96,7.22,44,Sunny,4.98,20.61
2020-11-04,13.42,14.79,62,Windy,8.57,19.58
2020-11-05,9.72,9.74,42,Windy,20.08,21.81
2020-11-06,10.31,8.45,100,Cloudy,18.48,21.57
2020-11-07,12.1,10.4,68,Stormy,8.03,20.25
2020-11-08,8.98,10.74,55,Stormy,27.29,19.03
2020-11-09,9.52,7.82,90,Stormy,12.58,20.42
2020-11-10,6.85,5.71,68,Cloudy,19.23,20.27
2020-11-11,13.2,13.75,57,Cloudy,5.25,19.5
2020-11-12,9.29,11.0,43,Sunny,28.88,20.63
2020-11-13,4.07,5.23,39,Stormy,1.3,21.98
2020-11-14,8.83,9.52,77,Windy,29.87,20.21
2020-11-15,12.01,12.45,65,Windy,25.83,20.05
2020-11-16,10.2,9.26,87,Stormy,11.47,20.46
2020-11-17,8.76,10.03,31,Broken clouds,22.94,19.37
2020-11-18,11.02,13.0,99,Sunny,9.34,20.32
2020-11-19,7.89,8.65,42,Sunny,0.37,20.68
2020-11-20,8.42,9.06,88,Rainy,3.03,20.01
2020-11-21,6.54,4.79,76,Sunny,3.52,20.66
2020-11-22,9.49,7.5,42,Cloudy,7.07,21.4
2020-11-23,9.03,7.64,56,Broken clouds,2.94,20.45
2020-11-24,10.2,10.02,95,Sunny,25.5,19.95
2020-11-25,10.7,10.0,72,Cloudy,22.16,20.55
2020-11-26,10.84,9.51,65,Cloudy,22.1,21.08
2020-11-27,8.76,10.03,90,Windy,16.57,20.13
2020-11-28,5.84,6.33,31,Sunny,5.66,20.29
2020-11-29,10.39,8.44,32,Sunny,25.51,20.66
2020-11-30,6.17,7.75,88,Sunny,10.51,21.58
2020-12-01,0.35,-1.0,74,Sunny,9.15,22.02
2020-12-02,4.08,4.06,88,Cloudy,25.23,21.44
2020-12-03,6.07,4.09,69,Broken clouds,9.38,20.37
2020-12-04,3.5,4.68,30,Cloudy,10.84,21.8
2020-12-05,3.19,3.14,80,Broken Clouds,23.93,20.04
2020-12-06,4.51,4.58,73,Rainy,22.31,20.25
2020-12-07,2.37,4.04,48,Sunny,12.78,20.5
2020-12-08,3.59,4.47,89,Snowy,7.14,21.95
2020-12-09,4.01,3.05,62,Cloudy,14.55,20.96
2020-12-10,6.92,8.44,62,Broken clouds,1.16,20.13
2020-12-11,1.95,2.98,58,Cloudy,29.53,20.92
2020-12-12,8.86,9.63,95,Broken clouds,16.27,20.42
2020-12-13,4.12,3.61,73,Rainy,17.81,21.84
2020-12-14,5.28,3.29,77,Stormy,24.68,20.49
2020-12-15,5.54,3.82,64,Windy,24.35,21.99
2020-12-16,6.27,7.52,87,Broken clouds,4.53,21.75
2020-12-17,2.91,3.49,37,Stormy,17.9,21.28
2020-12-18,4.9,3.94,97,Stormy,6.24,21.2
2020-12-19,6.59,6.74,37,Stormy,4.95,21.62
2020-12-20,5.28,4.39,70,Windy,6.45,20.69
2020-12-21,4.87,3.93,78,Snowy,13.48,21.37
2020-12-22,5.22,5.64,51,Sunny,20.32,20.06
2020-12-23,4.98,4.1,57,Broken Clouds,5.63,21.76
2020-12-24,6.65,5.32,41,Sunny,21.71,20.18
2020-12-25,9.58,10.29,56,Cloudy,3.44,20.48
2020-12-26,3.52,2.05,31,Snowy,21.16,20.63
2020-12-27,4.24,3.99,53,Snowy,13.07,20.6
2020-12-28,3.44,4.93,98,Sunny,5.7,20.48
2020-12-29,2.99,4.08,97,Broken Clouds,2.98,21.87
2020-12-30,5.57,6.73,44,Rainy,22.19,21.43
2020-12-31,1.41,2.62,87,Broken Clouds,1.18,20.27
2021-01-01,6.14,4.33,41,Cloudy,22.57,21.12
2021-01-02,1.18,2.39,76,Sunny,6.3,21.41
2021-01-03,0.75,0.79,35,Stormy,12.28,21.14
2021-01-04,3.18,1.76,49,Cloudy,16.95,20.11
2021-01-05,3.27,4.19,92,Snowy,19.76,20.38
2021-01-06,1.94,3.65,71,Stormy,27.72,20.75
2021-01-07,3.62,1.88,64,Broken Clouds,14.96,20.94
2021-01-08,2.53,1.36,41,Sunny,0.65,20.26
2021-01-09,1.14,1.11,82,Snowy,23.07,21.6
2021-01-10,4.53,3.93,90,Broken Clouds,3.9,21.43
2021-01-11,3.33,2.22,60,Stormy,27.91,20.01
2021-01-12,0.58,1.02,55,Sunny,7.21,21.67
2021-01-13,6.65,6.39,45,Broken clouds,7.54,20.73
2021-01-14,6.65,7.34,71,Windy,3.38,20.07
2021-01-15,4.87,4.06,98,Snowy,9.29,20.6
2021-01-16,6.17,6.31,75,Rainy,18.29,20.01
2021-01-17,3.9,3.65,49,Broken Clouds,2.59,21.64
2021-01-18,4.45,3.8,36,Cloudy,17.52,20.04
2021-01-19,5.68,4.83,38,Cloudy,23.5,21.32
2021-01-20,0.12,-1.57,51,Broken Clouds,1.01,22.16
2021-01-21,3.86,1.97,54,Rainy,4.0,20.81
2021-01-22,5.16,3.28,78,Windy,4.99,20.22
2021-01-23,4.01,5.59,53,Sunny,1.1,21.32
2021-01-24,6.64,7.28,50,Sunny,4.27,20.92
2021-01-25,8.35,10.04,66,Cloudy,12.95,20.34
2021-01-26,4.76,6.76,32,Stormy,0.84,21.69
2021-01-27,2.41,2.44,44,Rainy,12.93,20.57
2021-01-28,4.76,3.99,60,Stormy,25.3,21.28
2021-01-29,2.41,4.04,62,Stormy,26.36,20.72
2021-01-30,2.7,2.46,63,Sunny,9.8,21.85
2021-01-31,5.27,4.29,39,Cloudy,0.95,20.21
2021-02-01,3.81,4.45,93,Cloudy,14.75,20.17
2021-02-02,1.41,0.73,52,Stormy,20.07,21.31
2021-02-03,1.34,2.8,94,Rainy,14.52,21.29
2021-02-04,3.77,2.05,74,Stormy,23.06,20.22
2021-02-05,4.88,6.09,93,Broken Clouds,23.82,20.35
2021-02-06,4.33,3.66,32,Snowy,23.6,21.2
2021-02-07,3.45,2.47,53,Rainy,3.01,20.54
2021-02-08,3.59,5.42,53,Cloudy,13.38,20.79
2021-02-09,4.69,3.94,63,Cloudy,28.01,20.83
2021-02-10,5.0,6.12,93,Snowy,28.29,20.12
2021-02-11,2.36,3.97,53,Broken Clouds,18.25,20.42
2021-02-12,6.03,4.87,31,Windy,17.98,20.52
2021-02-13,3.64,4.94,63,Stormy,15.42,20.2
2021-02-14,5.09,5.02,32,Broken clouds,17.52,20.89
2021-02-15,3.51,4.86,46,Sunny,11.39,20.71
2021-02-16,2.68,3.15,34,Snowy,9.36,20.57
2021-02-17,5.12,3.2,97,Cloudy,16.7,21.89
2021-02-18,3.56,4.19,61,Sunny,16.22,21.41
2021-02-19,5.47,4.4,99,Sunny,3.76,20.25
2021-02-20,1.99,3.19,41,Stormy,6.06,21.26
2021-02-21,7.3,7.03,43,Sunny,28.62,20.65
2021-02-22,4.89,3.24,40,Cloudy,1.46,20.55
2021-02-23,3.76,5.6,46,Cloudy,10.96,20.71
2021-02-24,4.61,6.45,70,Stormy,0.73,20.64
2021-02-25,2.69,1.5,68,Broken Clouds,15.89,20.43
2021-02-26,3.69,2.78,96,Sunny,28.47,20.66
2021-02-27,7.57,5.76,60,Sunny,0.05,21.33
2021-02-28,8.3,7.84,77,Sunny,29.38,20.07
2021-03-01,3.74,2.94,98,Broken Clouds,28.64,20.48
2021-03-02,8.02,8.43,92,Sunny,6.98,21.24
2021-03-03,7.58,9.42,66,Broken clouds,16.34,21.4
2021-03-04,7.49,9.4,99,Stormy,14.25,21.42
2021-03-05,4.75,6.38,45,Broken Clouds,13.94,21.48
2021-03-06,8.11,7.84,75,Rainy,2.31,21.43
2021-03-07,8.99,8.33,45,Cloudy,6.14,21.12
2021-03-08,6.19,5.67,69,Sunny,11.97,20.01
2021-03-09,5.66,4.34,60,Cloudy,1.85,21.98
2021-03-10,4.7,6.31,46,Rainy,11.47,20.34
2021-03-11,7.97,6.63,100,Rainy,8.95,21.82
2021-03-12,6.15,6.88,40,Rainy,27.97,21.03
2021-03-13,5.41,6.66,86,Broken clouds,23.49,20.4
2021-03-14,8.52,10.45,83,Windy,12.79,19.17
2021-03-15,7.94,9.78,60,Rainy,18.21,20.31
2021-03-16,7.62,9.33,76,Sunny,23.65,20.86
2021-03-17,6.23,5.05,97,Windy,14.34,20.8
2021-03-18,9.94,11.23,53,Broken clouds,28.29,20.91
2021-03-19,6.39,7.02,41,Cloudy,2.59,20.22
2021-03-20,3.69,3.0,72,Rainy,9.66,20.22
2021-03-21,5.96,7.55,92,Cloudy,16.34,20.32
2021-03-22,5.54,5.25,76,Rainy,0.15,21.52
2021-03-23,6.34,7.0,92,Rainy,24.28,21.1
2021-03-24,5.12,4.11,46,Windy,21.8,21.49
2021-03-25,6.46,4.73,100,Broken clouds,24.0,21.17
2021-03-26,8.58,8.58,46,Sunny,23.15,21.17
2021-03-27,3.3,4.4,74,Cloudy,2.36,20.42
2021-03-28,6.06,4.17,43,Rainy,24.93,20.18
2021-03-29,6.78,8.14,52,Sunny,15.56,21.54
2021-03-30,6.83,5.93,66,Broken clouds,5.88,20.67
2021-03-31,5.27,6.58,79,Sunny,29.73,20.28
2021-04-01,11.13,11.64,88,Stormy,20.61,20.21
2021-04-02,8.28,8.31,46,Cloudy,8.36,20.74
2021-04-03,12.02,12.71,64,Windy,21.45,20.29
2021-04-04,11.72,13.28,58,Rainy,26.75,19.48
2021-04-05,10.04,9.82,52,Rainy,6.21,21.18
2021-04-06,10.66,10.51,90,Sunny,24.19,19.91
2021-04-07,11.33,10.19,57,Stormy,3.51,20.75
2021-04-08,10.61,9.08,50,Stormy,0.51,21.33
2021-04-09,12.18,10.47,30,Sunny,11.31,19.75
2021-04-10,13.22,11.24,81,Sunny,1.13,19.98
2021-04-11,12.56,13.16,97,Stormy,13.22,20.83
2021-04-12,12.19,11.5,88,Broken clouds,11.01,20.18
2021-04-13,9.33,7.96,64,Sunny,5.92,21.28
2021-04-14,11.22,12.7,97,Windy,15.28,20.02
2021-04-15,8.67,9.52,84,Windy,15.03,21.85
2021-04-16,9.11,9.81,70,Windy,18.57,21.07
2021-04-17,10.37,12.31,70,Stormy,3.09,19.9
2021-04-18,7.75,8.81,88,Sunny,25.02,20.11
2021-04-19,15.85,14.16,41,Stormy,22.21,20.73
2021-04-20,10.35,8.91,50,Stormy,6.07,20.76
2021-04-21,9.09,7.25,60,Cloudy,19.91,21.26
2021-04-22,12.79,14.42,35,Rainy,22.18,20.24
2021-04-23,13.4,15.03,46,Rainy,6.06,19.71
2021-04-24,10.2,10.93,74,Cloudy,24.27,19.76
2021-04-25,9.94,11.24,60,Broken clouds,6.73,19.64
2021-04-26,11.98,13.09,45,Broken clouds,8.31,19.61
2021-04-27,6.7,7.1,86,Broken clouds,6.32,21.61
2021-04-28,11.98,13.07,93,Broken clouds,19.12,19.11
2021-04-29,10.59,10.28,76,Cloudy,7.46,20.34
2021-04-30,9.47,8.74,30,Sunny,2.61,21.23
2021-05-01,16.96,18.32,86,Windy,11.92,19.47
2021-05-02,15.49,14.02,82,Windy,24.78,19.96
2021-05-03,14.77,13.09,74,Rainy,29.08,19.9
2021-05-04,15.72,13.84,31,Broken clouds,0.55,20.75
2021-05-05,13.5,12.79,33,Cloudy,23.7,19.32
2021-05-06,14.77,15.8,88,Sunny,5.88,19.83
2021-05-07,16.54,15.93,97,Windy,19.09,20.19
2021-05-08,20.59,19.86,91,Stormy,4.67,19.88
2021-05-09,15.04,15.21,85,Broken clouds,4.73,20.75
2021-05-10,14.98,14.53,94,Windy,18.82,19.15
2021-05-11,17.76,17.23,48,Windy,22.09,20.47
2021-05-12,18.6,19.22,93,Windy,8.54,19.39
2021-05-13,13.88,14.76,47,Cloudy,8.94,20.58
2021-05-14,17.84,16.97,37,Windy,6.66,19.97
2021-05-15,14.51,15.37,58,Sunny,6.27,20.19
2021-05-16,21.1,22.97,78,Sunny,7.75,22.0
2021-05-17,16.27,17.53,73,Rainy,12.88,19.89
2021-05-18,15.3,15.31,72,Sunny,28.86,19.32
2021-05-19,14.86,16.42,55,Cloudy,22.64,19.47
2021-05-20,14.12,12.85,55,Stormy,9.15,19.71
2021-05-21,15.84,17.1,55,Stormy,17.65,19.14
2021-05-22,13.2,13.64,93,Stormy,10.13,19.98
2021-05-23,15.31,14.43,32,Sunny,15.32,20.05
2021-05-24,18.48,18.37,76,Stormy,9.75,19.7
2021-05-25,15.69,16.93,33,Sunny,16.16,20.86
2021-05-26,16.35,15.71,44,Rainy,9.9,20.8
2021-05-27,15.65,14.62,39,Windy,25.77,19.16
2021-05-28,14.26,15.87,35,Broken clouds,3.7,19.54
2021-05-29,15.23,16.79,73,Windy,26.77,19.23
2021-05-30,14.85,14.35,37,Broken clouds,15.3,19.87
2021-05-31,13.12,13.36,81,Cloudy,14.8,20.52
2021-06-01,19.53,18.71,50,Cloudy,12.99,20.92
2021-06-02,21.63,21.97,57,Broken clouds,21.18,22.0
2021-06-03,18.67,19.55,87,Sunny,6.18,20.74
2021-06-04,20.63,21.02,69,Windy,24.87,22.0
2021-06-05,15.85,16.72,72,Broken clouds,8.88,19.46
2021-06-06,16.65,17.19,38,Broken clouds,15.33,19.42
2021-06-07,20.42,21.72,34,Broken clouds,13.93,22.0
2021-06-08,19.31,18.29,58,Stormy,18.39,19.23
2021-06-09,15.11,14.08,80,Cloudy,22.74,20.22
2021-06-10,18.47,20.38,55,Stormy,13.61,22.0
2021-06-11,20.33,22.22,57,Sunny,22.69,22.0
2021-06-12,19.27,20.62,86,Sunny,0.74,22.0
2021-06-13,18.12,18.73,97,Cloudy,24.24,20.8
2021-06-14,20.16,20.65,45,Windy,2.52,22.0
2021-06-15,22.54,21.92,98,Stormy,10.88,22.0
2021-06-16,17.07,15.21,93,Rainy,4.4,20.1
2021-06-17,19.99,21.01,82,Stormy,15.29,22.0
2021-06-18,19.13,20.62,59,Sunny,14.69,22.0
2021-06-19,16.19,18.15,41,Sunny,5.83,20.18
2021-06-20,21.98,21.12,40,Sunny,11.82,22.0
2021-06-21,12.28,14.08,59,Windy,8.33,20.4
2021-06-22,19.44,19.87,100,Broken clouds,19.82,19.67
2021-06-23,16.61,16.16,69,Cloudy,12.56,19.91
2021-06-24,23.8,23.96,42,Sunny,23.16,22.0
2021-06-25,20.9,20.2,47,Broken clouds,6.17,22.0
2021-06-26,18.63,19.7,69,Sunny,12.67,20.08
2021-06-27,17.58,16.19,74,Broken clouds,24.39,20.69
2021-06-28,17.26,16.12,99,Sunny,16.95,20.09
2021-06-29,19.18,19.83,62,Sunny,25.95,20.41
2021-06-30,17.56,16.99,34,Rainy,1.6,20.29
2021-07-01,21.75,21.04,86,Rainy,25.34,22.0
2021-07-02,20.45,18.76,91,Cloudy,7.46,19.7
2021-07-03,24.77,24.59,33,Sunny,17.74,22.0
2021-07-04,22.42,24.2,71,Stormy,21.46,22.0
2021-07-05,20.47,21.63,45,Sunny,1.95,22.0
2021-07-06,24.16,22.66,61,Sunny,19.78,22.0
2021-07-07,20.77,22.53,30,Stormy,25.87,22.0
2021-07-08,21.6,22.55,32,Windy,11.09,22.0
2021-07-09,19.22,19.45,44,Windy,9.87,20.64
2021-07-10,22.71,24.52,78,Windy,0.59,22.0
2021-07-11,21.44,22.63,72,Broken clouds,6.93,22.0
2021-07-12,20.96,21.26,46,Rainy,29.02,22.0
2021-07-13,23.25,24.99,97,Stormy,18.65,22.0
2021-07-14,20.13,20.02,73,Stormy,3.25,22.0
2021-07-15,21.66,20.43,95,Windy,10.96,22.0
2021-07-16,23.21,24.39,32,Rainy,2.62,22.0
2021-07-17,24.55,24.55,48,Rainy,14.29,22.0
2021-07-18,21.52,20.45,40,Broken clouds,20.91,22.0
2021-07-19,20.76,21.89,64,Sunny,27.27,22.0
2021-07-20,21.56,23.17,81,Rainy,13.15,22.0
2021-07-21,19.48,17.96,45,Rainy,18.81,19.5
2021-07-22,22.73,23.15,91,Broken clouds,26.02,22.0
2021-07-23,23.56,23.13,42,Sunny,14.79,22.0
2021-07-24,24.49,23.82,45,Sunny,5.46,22.0
2021-07-25,24.15,24.91,94,Stormy,4.14,22.0
2021-07-26,22.01,22.96,42,Broken clouds,18.35,22.0
2021-07-27,22.2,21.21,42,Sunny,19.39,22.0
2021-07-28,21.72,22.2,80,Cloudy,19.24,22.0
2021-07-29,19.68,20.6,93,Windy,14.52,22.0
2021-07-30,22.63,23.55,47,Rainy,10.3,22.0
2021-07-31,21.95,21.19,72,Stormy,7.44,22.0
2021-08-01,21.89,20.95,36,Windy,8.2,22.0
2021-08-02,20.8,19.24,43,Sunny,7.47,19.5
2021-08-03,20.18,21.43,65,Rainy,9.65,22.0
2021-08-04,23.64,25.02,35,Cloudy,25.84,22.0
2021-08-05,20.04,21.79,76,Sunny,7.58,22.0
2021-08-06,26.18,28.16,89,Sunny,7.55,18.23
2021-08-07,17.61,18.29,94,Stormy,6.98,19.01
2021-08-08,20.63,20.29,81,Broken clouds,19.53,22.0
2021-08-09,19.37,19.54,49,Rainy,22.11,19.61
2021-08-10,21.67,21.58,89,Windy,29.81,22.0
2021-08-11,23.09,23.79,74,Cloudy,4.84,22.0
2021-08-12,24.16,23.23,90,Windy,4.98,22.0
2021-08-13,21.94,23.75,52,Stormy,8.16,22.0
2021-08-14,21.69,22.68,32,Sunny,27.69,22.0
2021-08-15,21.5,20.42,93,Cloudy,2.25,22.0
2021-08-16,25.44,24.43,59,Stormy,15.94,22.0
2021-08-17,22.47,23.82,100,Stormy,14.87,22.0
2021-08-18,20.18,19.28,94,Stormy,19.47,20.34
2021-08-19,18.72,19.71,92,Cloudy,5.1,20.1
2021-08-20,19.2,17.68,98,Sunny,16.76,20.34
2021-08-21,19.65,19.37,71,Cloudy,17.57,20.11
2021-08-22,19.05,17.32,63,Windy,27.57,20.23
2021-08-23,19.87,18.61,51,Broken clouds,19.83,19.63
2021-08-24,24.03,23.49,80,Sunny,8.55,22.0
2021-08-25,20.48,20.31,35,Windy,3.53,22.0
2021-08-26,20.62,19.35,58,Windy,4.69,19.58
2021-08-27,20.29,20.28,94,Stormy,9.57,22.0
2021-08-28,21.68,20.68,71,Cloudy,19.7,22.0
2021-08-29,20.44,21.01,93,Windy,14.05,22.0
2021-08-30,21.82,22.71,56,Rainy,21.48,22.0
2021-08-31,23.74,24.22,47,Windy,4.92,22.0
2021-09-01,16.03,16.32,98,Windy,18.2,19.07
2021-09-02,19.12,19.88,67,Rainy,16.76,19.74
2021-09-03,18.72,18.86,32,Rainy,2.74,19.22
2021-09-04,16.07,17.9,50,Sunny,4.38,20.77
2021-09-05,17.56,18.83,67,Windy,29.44,19.9
2021-09-06,16.13,15.23,45,Stormy,5.42,20.44
2021-09-07,17.5,18.44,36,Windy,23.28,20.28
2021-09-08,17.82,18.3,35,Cloudy,16.12,20.8
2021-09-09,18.46,17.24,40,Windy,4.93,20.13
2021-09-10,14.07,13.98,88,Broken clouds,19.12,19.81
2021-09-11,18.43,20.35,41,Sunny,28.51,22.0
2021-09-12,18.47,19.52,47,Broken clouds,10.97,19.77
2021-09-13,16.01,14.79,41,Broken clouds,9.06,20.3
2021-09-14,18.07,16.11,98,Sunny,13.11,20.89
2021-09-15,18.27,16.58,77,Rainy,18.88,19.53
2021-09-16,19.59,21.07,72,Windy,29.83,22.0
2021-09-17,17.93,19.21,75,Windy,23.72,20.91
2021-09-18,16.8,15.63,97,Sunny,14.67,20.82
2021-09-19,17.37,16.01,37,Broken clouds,27.27,20.32
2021-09-20,17.88,19.39,61,Sunny,23.64,20.92
2021-09-21,18.29,17.61,84,Stormy,9.89,20.9
2021-09-22,17.59,17.87,50,Rainy,18.63,19.31
2021-09-23,17.18,16.73,65,Windy,6.62,20.84
2021-09-24,17.46,16.23,92,Cloudy,22.21,19.59
2021-09-25,15.55,16.77,39,Cloudy,24.75,19.64
2021-09-26,19.81,21.71,82,Stormy,13.25,22.0
2021-09-27,19.09,21.0,97,Stormy,7.42,22.0
2021-09-28,16.86,17.08,94,Broken clouds,25.75,20.4
2021-09-29,18.75,18.91,85,Cloudy,0.2,20.05
2021-09-30,18.2,16.31,78,Cloudy,13.72,20.64
2021-10-01,16.28,14.3,80,Cloudy,22.13,19.56
2021-10-02,12.48,14.42,89,Windy,4.7,19.29
2021-10-03,14.22,16.18,35,Windy,17.48,20.17
2021-10-04,12.24,13.91,61,Stormy,8.98,20.12
2021-10-05,14.09,16.02,87,Sunny,16.25,19.53
2021-10-06,17.25,18.08,94,Stormy,17.09,20.83
2021-10-07,13.91,12.62,76,Rainy,11.78,20.77
2021-10-08,16.75,15.67,61,Sunny,23.81,19.48
2021-10-09,16.74,15.76,73,Cloudy,8.2,19.46
2021-10-10,14.14,14.95,100,Sunny,17.04,19.33
2021-10-11,14.71,16.4,81,Rainy,18.51,19.03
2021-10-12,14.11,13.66,61,Windy,4.96,19.72
2021-10-13,14.6,16.15,62,Windy,21.91,19.53
2021-10-14,15.58,17.25,62,Rainy,14.31,20.83
2021-10-15,12.17,10.22,35,Cloudy,21.25,19.03
2021-10-16,14.26,12.35,50,Cloudy,21.78,20.65
2021-10-17,11.45,10.53,43,Sunny,7.61,19.89
2021-10-18,14.08,14.9,93,Sunny,12.0,19.33
2021-10-19,16.33,17.0,74,Broken clouds,19.99,19.23
2021-10-20,11.29,11.56,51,Cloudy,19.44,19.18
2021-10-21,16.13,16.22,44,Sunny,10.7,20.67
2021-10-22,16.27,16.05,45,Stormy,9.74,20.2
2021-10-23,13.01,14.57,48,Stormy,27.9,20.85
2021-10-24,16.88,18.67,88,Rainy,24.49,19.56
2021-10-25,13.42,13.17,51,Broken clouds,0.44,19.99
2021-10-26,16.85,15.34,31,Windy,27.65,19.5
2021-10-27,17.39,16.95,75,Sunny,1.14,20.54
2021-10-28,12.79,13.4,68,Windy,27.07,20.88
2021-10-29,13.03,15.02,63,Windy,18.95,20.24
2021-10-30,14.1,13.52,87,Windy,25.08,20.49
2021-10-31,14.5,13.95,56,Cloudy,28.74,19.46
2021-11-01,7.62,6.86,87,Cloudy,14.4,20.81
2021-11-02,8.91,8.91,41,Sunny,28.03,20.25
2021-11-03,7.63,8.81,76,Cloudy,6.95,21.75
2021-11-04,12.26,12.69,87,Rainy,21.03,20.83
2021-11-05,7.56,7.01,52,Sunny,21.48,21.8
2021-11-06,5.81,4.12,48,Sunny,7.53,21.23
2021-11-07,9.9,9.58,62,Rainy,10.9,20.4
2021-11-08,8.98,7.63,55,Broken clouds,21.42,20.37
2021-11-09,7.57,7.69,70,Stormy,26.61,21.3
2021-11-10,7.06,7.34,85,Rainy,16.06,21.31
2021-11-11,7.37,5.81,96,Cloudy,22.2,21.47
2021-11-12,10.24,9.22,56,Stormy,28.04,21.01
2021-11-13,8.15,6.64,76,Rainy,4.44,21.8
2021-11-14,8.59,8.91,33,Cloudy,9.12,21.17
2021-11-15,8.84,10.16,50,Windy,7.24,20.48
2021-11-16,11.77,13.67,66,Windy,20.44,20.14
2021-11-17,11.29,9.39,91,Windy,25.74,20.55
2021-11-18,6.58,6.78,50,Sunny,17.68,20.22
2021-11-19,15.26,13.36,56,Stormy,11.75,19.25
2021-11-20,9.24,10.1,33,Cloudy,5.32,19.21
2021-11-21,9.11,9.0,32,Windy,11.53,20.07
2021-11-22,6.2,6.67,52,Rainy,26.18,21.77
2021-11-23,8.78,10.29,85,Windy,4.45,19.25
2021-11-24,8.94,7.11,73,Rainy,25.92,20.01
2021-11-25,7.15,5.72,65,Broken clouds,6.83,21.06
2021-11-26,6.02,6.83,38,Sunny,11.53,21.17
2021-11-27,11.84,10.8,68,Cloudy,0.09,20.73
2021-11-28,8.85,7.06,49,Rainy,4.26,21.08
2021-11-29,10.21,11.74,78,Rainy,2.44,20.18
2021-11-30,9.45,8.14,63,Windy,8.45,20.69
2021-12-01,4.69,3.67,70,Sunny,3.85,20.96
2021-12-02,5.21,6.68,36,Windy,1.28,20.21
2021-12-03,4.76,5.7,56,Snowy,11.22,21.47
2021-12-04,-0.44,0.92,80,Stormy,2.61,20.19
2021-12-05,4.51,5.37,57,Cloudy,26.11,21.44
2021-12-06,5.49,5.76,34,Broken clouds,29.97,20.97
2021-12-07,2.3,0.46,100,Rainy,9.95,20.54
2021-12-08,5.63,4.9,68,Sunny,26.75,20.4
2021-12-09,4.64,3.75,72,Stormy,25.71,21.79
2021-12-10,5.16,6.58,39,Windy,10.59,21.0
2021-12-11,3.34,5.2,94,Stormy,24.17,21.15
2021-12-12,4.18,2.36,35,Cloudy,8.45,21.24
2021-12-13,6.16,6.08,78,Broken clouds,15.4,21.25
2021-12-14,6.58,7.73,72,Stormy,8.55,21.6
2021-12-15,4.23,4.66,30,Sunny,7.02,21.84
2021-12-16,4.53,5.23,40,Rainy,11.97,20.42
2021-12-17,4.53,5.83,41,Snowy,25.08,20.51
2021-12-18,5.05,6.96,70,Windy,15.88,20.69
2021-12-19,2.82,3.2,90,Cloudy,17.96,21.77
2021-12-20,6.15,4.36,35,Sunny,2.0,20.63
2021-12-21,9.06,7.31,80,Windy,3.49,20.47
2021-12-22,6.65,6.55,34,Rainy,19.74,21.18
2021-12-23,4.42,5.07,85,Rainy,12.58,21.94
2021-12-24,5.71,4.61,96,Stormy,7.53,21.1
2021-12-25,2.02,2.59,43,Broken Clouds,5.04,21.45
2021-12-26,3.74,4.06,73,Rainy,13.59,20.23
2021-12-27,3.08,2.16,34,Cloudy,8.36,20.24
2021-12-28,6.92,7.8,99,Stormy,7.01,20.54
2021-12-29,6.66,7.47,80,Cloudy,1.35,21.77
2021-12-30,5.61,7.0,35,Stormy,18.95,21.18
2021-12-31,3.36,1.79,42,Stormy,10.78,21.09
2022-01-01,4.71,3.85,48,Sunny,20.44,20.55
2022-01-02,5.99,6.81,38,Cloudy,12.68,21.19
2022-01-03,4.76,4.45,62,Broken Clouds,5.39,21.63
2022-01-04,2.04,3.45,39,Cloudy,0.3,21.03
2022-01-05,6.67,7.22,99,Stormy,4.98,20.29
2022-01-06,2.12,4.04,48,Sunny,12.5,21.66
2022-01-07,4.65,6.28,81,Cloudy,12.77,20.91
2022-01-08,3.63,3.67,31,Rainy,2.89,21.98
2022-01-09,4.2,5.08,34,Stormy,17.09,21.74
2022-01-10,5.67,3.69,70,Rainy,10.34,21.28
2022-01-11,5.18,5.31,81,Rainy,8.54,20.31
2022-01-12,5.43,6.44,47,Stormy,26.33,20.33
2022-01-13,0.23,1.74,34,Cloudy,16.68,21.84
2022-01-14,2.88,4.62,89,Cloudy,16.65,21.63
2022-01-15,4.75,3.27,96,Cloudy,26.57,20.14
2022-01-16,5.18,6.52,96,Rainy,19.63,20.24
2022-01-17,4.68,3.69,76,Sunny,9.63,20.84
2022-01-18,5.16,4.68,91,Stormy,9.66,20.47
2022-01-19,3.69,4.54,65,Snowy,23.54,21.19
2022-01-20,3.29,3.43,95,Sunny,6.5,20.68
2022-01-21,4.71,6.57,54,Snowy,11.5,21.58
2022-01-22,5.92,7.77,50,Rainy,29.37,21.07
2022-01-23,3.93,2.74,81,Cloudy,21.37,21.78
2022-01-24,3.86,3.5,45,Snowy,27.42,21.04
2022-01-25,3.14,1.84,95,Cloudy,25.45,20.05
2022-01-26,3.04,2.96,77,Rainy,27.05,21.92
2022-01-27,4.27,6.14,61,Broken Clouds,16.37,20.8
2022-01-28,2.24,1.19,72,Sunny,4.99,20.06
2022-01-29,7.08,8.63,63,Windy,15.1,20.45
2022-01-30,3.02,1.49,46,Stormy,8.27,20.3
2022-01-31,3.03,1.65,87,Cloudy,4.24,21.35
2022-02-01,5.75,4.53,38,Rainy,3.86,21.83
2022-02-02,2.33,2.85,59,Stormy,20.73,21.08
2022-02-03,4.47,2.92,52,Stormy,0.36,21.58
2022-02-04,7.96,6.69,37,Windy,11.85,21.15
2022-02-05,5.46,3.55,93,Rainy,4.39,21.31
2022-02-06,7.55,7.83,100,Windy,24.25,21.95
2022-02-07,5.45,3.71,81,Cloudy,9.37,21.24
2022-02-08,2.22,0.75,87,Stormy,13.92,21.37
2022-02-09,3.03,2.15,77,Broken Clouds,11.39,21.51
2022-02-10,3.28,1.56,60,Sunny,14.8,21.88
2022-02-11,4.11,4.81,82,Snowy,0.51,21.94
2022-02-12,4.79,3.02,92,Rainy,19.75,21.14
2022-02-13,4.24,4.64,60,Broken Clouds,11.02,20.51
2022-02-14,3.55,3.53,69,Sunny,26.19,20.23
2022-02-15,4.83,6.8,83,Stormy,23.47,21.38
2022-02-16,5.17,6.25,82,Cloudy,7.74,21.49
2022-02-17,6.24,4.3,48,Stormy,29.98,21.52
2022-02-18,1.74,2.08,90,Rainy,24.07,20.57
2022-02-19,2.38,3.56,39,Cloudy,0.68,20.49
2022-02-20,3.46,4.73,40,Stormy,29.01,20.99
2022-02-21,3.77,5.47,45,Stormy,16.15,21.41
2022-02-22,0.57,-0.55,71,Snowy,1.26,26.34
2022-02-23,4.03,3.11,33,Cloudy,1.01,20.64
2022-02-24,4.49,2.75,51,Sunny,8.52,21.51
2022-02-25,8.06,8.65,84,Stormy,24.88,21.71
2022-02-26,3.76,5.6,46,Broken Clouds,15.6,21.4
2022-02-27,4.62,3.49,55,Rainy,10.35,20.35
2022-02-28,5.26,6.69,89,Rainy,12.52,20.42
2022-03-01,4.85,5.78,58,Broken Clouds,8.28,20.26
2022-03-02,7.61,6.35,55,Windy,11.89,21.7
2022-03-03,7.24,5.36,85,Cloudy,5.1,21.97
2022-03-04,5.06,3.62,40,Sunny,15.71,20.5
2022-03-05,9.56,10.6,82,Cloudy,6.12,19.44
2022-03-06,6.6,7.44,61,Windy,13.21,20.1
2022-03-07,7.46,6.69,53,Windy,29.47,21.91
2022-03-08,8.39,8.56,35,Stormy,3.73,20.21
2022-03-09,9.78,11.73,32,Cloudy,27.16,20.22
2022-03-10,5.28,5.4,34,Rainy,20.74,20.35
2022-03-11,7.93,7.03,34,Broken clouds,8.85,20.97
2022-03-12,7.03,5.21,30,Cloudy,16.86,20.63
2022-03-13,6.31,4.83,52,Cloudy,13.86,21.67
2022-03-14,9.3,8.31,83,Cloudy,7.29,21.35
2022-03-15,10.19,11.78,90,Windy,12.67,19.03
2022-03-16,5.8,7.56,56,Sunny,19.69,20.61
2022-03-17,4.37,6.04,77,Rainy,29.08,20.65
2022-03-18,4.99,3.65,39,Cloudy,20.93,21.23
2022-03-19,6.87,6.84,34,Sunny,2.94,21.53
2022-03-20,5.48,4.71,63,Sunny,9.87,21.43
2022-03-21,4.51,3.94,39,Sunny,4.96,21.66
2022-03-22,7.42,6.77,53,Rainy,7.72,20.77
2022-03-23,6.51,4.82,85,Cloudy,19.28,21.13
2022-03-24,5.59,4.65,87,Broken clouds,23.68,21.13
2022-03-25,6.55,7.57,90,Cloudy,9.0,21.18
2022-03-26,7.07,7.56,82,Sunny,10.27,20.99
2022-03-27,2.73,4.46,50,Broken Clouds,7.84,20.28
2022-03-28,7.16,8.55,43,Broken clouds,20.89,21.94
2022-03-29,5.34,6.14,32,Broken clouds,11.76,21.42
2022-03-30,8.26,9.52,83,Sunny,7.36,20.13
2022-03-31,5.68,7.1,38,Broken clouds,19.33,20.18
2022-04-01,10.32,8.82,34,Sunny,17.87,21.11
2022-04-02,11.75,10.95,95,Cloudy,2.85,20.96
2022-04-03,12.6,14.52,90,Cloudy,17.81,20.87
2022-04-04,11.58,9.7,71,Broken clouds,13.87,21.06
2022-04-05,10.27,10.76,34,Broken clouds,24.3,19.59
2022-04-06,10.65,12.14,60,Stormy,14.22,20.0
2022-04-07,11.08,9.72,64,Rainy,12.98,20.39
2022-04-08,12.45,12.19,40,Rainy,12.08,20.8
2022-04-09,10.59,8.67,31,Broken clouds,21.53,20.84
2022-04-10,12.28,11.18,35,Broken clouds,3.44,20.53
2022-04-11,10.42,10.53,98,Cloudy,20.15,20.68
2022-04-12,7.54,7.03,98,Windy,6.82,20.18
2022-04-13,12.37,11.41,61,Windy,26.52,20.78
2022-04-14,12.52,11.69,97,Broken clouds,10.92,19.7
2022-04-15,11.68,12.02,96,Stormy,20.77,20.27
2022-04-16,12.31,11.24,89,Cloudy,21.98,20.01
2022-04-17,10.52,9.32,94,Sunny,25.93,21.69
2022-04-18,10.69,11.41,54,Stormy,2.09,20.06
2022-04-19,11.69,9.8,47,Broken clouds,24.18,21.76
2022-04-20,13.13,11.27,49,Cloudy,0.65,20.49
2022-04-21,8.42,9.18,93,Rainy,13.68,20.63
2022-04-22,14.62,15.76,35,Rainy,9.9,19.22
2022-04-23,14.17,15.85,33,Cloudy,26.28,20.94
2022-04-24,12.29,14.2,74,Cloudy,16.89,20.68
2022-04-25,9.38,8.42,52,Stormy,11.79,21.82
2022-04-26,11.44,10.23,93,Sunny,4.02,19.4
2022-04-27,10.5,12.3,38,Rainy,8.23,19.02
2022-04-28,10.5,11.04,84,Windy,27.79,19.36
2022-04-29,11.98,10.38,46,Stormy,0.11,20.47
2022-04-30,11.45,10.64,63,Windy,0.39,19.9
2022-05-01,12.73,14.08,51,Rainy,29.35,19.4
2022-05-02,14.77,16.6,35,Windy,29.88,20.62
2022-05-03,12.2,13.09,34,Cloudy,18.84,20.96
2022-05-04,18.86,19.31,43,Sunny,17.49,19.04
2022-05-05,17.5,17.02,32,Windy,20.16,19.27
2022-05-06,15.44,16.35,71,Sunny,6.61,20.42
2022-05-07,20.27,22.02,50,Sunny,1.19,22.0
2022-05-08,16.55,15.54,38,Broken clouds,5.02,20.29
2022-05-09,15.41,17.22,38,Stormy,12.85,20.44
2022-05-10,13.75,13.88,54,Stormy,11.62,20.2
2022-05-11,15.43,15.95,37,Sunny,10.9,20.15
2022-05-12,14.75,15.53,50,Sunny,25.23,19.01
2022-05-13,18.84,19.69,84,Cloudy,2.31,19.2
2022-05-14,14.54,14.72,99,Cloudy,3.23,19.5
2022-05-15,18.41,20.33,78,Broken clouds,9.18,22.0
2022-05-16,17.34,19.22,78,Stormy,9.02,19.68
2022-05-17,17.93,16.85,74,Stormy,16.62,20.85
2022-05-18,13.5,14.43,64,Sunny,6.52,20.34
2022-05-19,15.15,16.51,100,Broken clouds,1.93,20.52
2022-05-20,14.93,15.89,91,Broken clouds,13.96,20.87
2022-05-21,14.2,16.19,36,Broken clouds,29.27,20.68
2022-05-22,19.85,18.74,66,Windy,6.75,19.44
2022-05-23,14.47,16.02,95,Windy,23.78,20.04
2022-05-24,19.71,19.82,58,Stormy,25.63,19.31
2022-05-25,13.82,14.41,36,Windy,25.32,19.51
2022-05-26,16.52,17.98,98,Rainy,16.29,19.04
2022-05-27,17.53,17.22,100,Broken clouds,4.89,19.78
2022-05-28,11.76,12.67,81,Stormy,23.44,20.35
2022-05-29,15.14,16.8,39,Rainy,20.89,19.06
2022-05-30,15.01,15.8,49,Stormy,23.66,20.85
2022-05-31,16.41,16.51,47,Cloudy,29.39,19.48
2022-06-01,22.05,24.03,53,Cloudy,29.1,22.0
2022-06-02,17.45,19.4,93,Windy,29.64,19.1
2022-06-03,20.92,19.31,30,Stormy,29.99,20.08
2022-06-04,21.16,20.74,61,Stormy,15.38,22.0
2022-06-05,21.41,22.16,38,Rainy,2.82,22.0
2022-06-06,21.05,21.51,49,Stormy,26.03,22.0
2022-06-07,16.3,16.05,70,Broken clouds,25.06,19.19
2022-06-08,20.69,19.51,92,Stormy,4.76,20.33
2022-06-09,18.25,18.27,69,Stormy,5.29,20.49
2022-06-10,17.49,16.27,52,Cloudy,15.54,20.35
2022-06-11,18.66,19.08,79,Stormy,25.18,20.86
2022-06-12,21.34,19.41,41,Windy,17.58,19.63
2022-06-13,16.12,14.53,83,Broken clouds,12.63,19.43
2022-06-14,18.45,17.65,77,Stormy,2.3,20.64
2022-06-15,19.49,18.2,96,Rainy,4.34,20.48
2022-06-16,16.89,18.64,49,Broken clouds,1.38,19.93
2022-06-17,17.3,18.14,86,Stormy,14.14,20.1
2022-06-18,20.2,19.6,95,Cloudy,16.78,20.93
2022-06-19,20.35,18.53,50,Rainy,29.51,20.93
2022-06-20,18.75,17.54,89,Broken clouds,16.13,20.53
2022-06-21,21.98,20.75,100,Rainy,13.15,22.0
2022-06-22,21.36,22.71,40,Cloudy,10.41,22.0
2022-06-23,22.24,21.57,57,Stormy,18.81,22.0
2022-06-24,23.08,24.04,40,Rainy,20.3,22.0
2022-06-25,18.48,19.89,83,Cloudy,16.18,19.25
2022-06-26,20.71,20.21,93,Sunny,27.39,22.0
2022-06-27,17.29,18.81,97,Stormy,8.41,20.69
2022-06-28,21.18,22.97,47,Cloudy,1.63,22.0
2022-06-29,21.22,21.91,46,Windy,1.41,22.0
2022-06-30,20.57,20.43,80,Rainy,29.68,22.0
2022-07-01,21.43,20.07,39,Cloudy,22.2,22.0
2022-07-02,25.0,23.3,76,Sunny,10.87,22.0
2022-07-03,23.25,21.92,32,Broken clouds,26.45,22.0
2022-07-04,19.84,18.01,75,Windy,27.02,19.58
2022-07-05,19.1,19.36,61,Broken clouds,20.48,20.22
2022-07-06,19.17,20.45,61,Rainy,12.07,22.0
2022-07-07,19.77,19.66,49,Stormy,27.27,19.21
2022-07-08,21.7,21.29,100,Windy,6.49,22.0
2022-07-09,24.26,25.41,72,Sunny,16.68,22.0
2022-07-10,20.3,21.98,69,Rainy,24.22,22.0
2022-07-11,23.65,22.24,31,Cloudy,25.55,22.0
2022-07-12,18.01,16.88,64,Sunny,26.84,20.93
2022-07-13,19.35,19.68,39,Sunny,0.1,19.47
2022-07-14,18.67,19.59,97,Rainy,24.67,19.05
2022-07-15,22.07,20.46,73,Stormy,7.45,22.0
2022-07-16,20.71,21.38,64,Broken clouds,29.45,22.0
2022-07-17,17.71,15.92,42,Sunny,16.58,19.99
2022-07-18,23.92,23.18,60,Cloudy,8.51,22.0
2022-07-19,21.47,21.74,51,Stormy,24.84,22.0
2022-07-20,22.38,20.64,43,Stormy,12.06,22.0
2022-07-21,22.08,22.37,55,Windy,14.49,22.0
2022-07-22,23.25,21.95,88,Sunny,5.38,22.0
2022-07-23,22.14,21.94,99,Broken clouds,8.44,22.0
2022-07-24,18.58,19.64,87,Stormy,25.22,20.76
2022-07-25,20.36,21.59,74,Broken clouds,23.16,22.0
2022-07-26,23.94,22.71,98,Windy,25.86,22.0
2022-07-27,21.2,20.45,32,Rainy,12.86,22.0
2022-07-28,18.63,19.93,75,Sunny,29.19,20.78
2022-07-29,22.63,22.5,48,Cloudy,8.32,22.0
2022-07-30,19.84,18.04,81,Rainy,20.42,20.88
2022-07-31,23.59,23.6,35,Stormy,3.55,22.0
2022-08-01,21.04,19.3,36,Windy,14.89,20.72
2022-08-02,21.53,21.15,77,Stormy,27.93,22.0
2022-08-03,20.52,21.33,70,Stormy,28.9,22.0
2022-08-04,26.21,24.87,90,Rainy,14.01,22.0
2022-08-05,23.9,23.93,99,Cloudy,14.86,22.0
2022-08-06,21.39,23.37,75,Sunny,24.82,22.0
2022-08-07,21.88,22.77,39,Cloudy,13.2,22.0
2022-08-08,21.32,21.99,52,Rainy,9.59,22.0
2022-08-09,21.45,19.53,53,Broken clouds,10.24,20.08
2022-08-10,21.59,23.04,77,Cloudy,28.5,22.0
2022-08-11,23.63,23.94,90,Broken clouds,0.52,22.0
2022-08-12,23.29,24.34,80,Windy,18.2,22.0
2022-08-13,24.94,26.83,51,Sunny,16.16,22.0
2022-08-14,19.15,18.37,44,Cloudy,26.59,20.39
2022-08-15,21.52,19.8,86,Rainy,1.13,20.16
2022-08-16,19.35,17.89,93,Cloudy,18.26,20.15
2022-08-17,20.04,18.45,76,Sunny,19.38,19.67
2022-08-18,22.13,22.6,31,Cloudy,9.07,22.0
2022-08-19,22.66,23.5,69,Sunny,18.52,22.0
2022-08-20,20.89,22.14,34,Windy,15.1,22.0
2022-08-21,25.6,27.37,67,Stormy,13.12,18.54
2022-08-22,18.84,20.35,83,Cloudy,1.54,22.0
2022-08-23,23.45,21.94,97,Broken clouds,18.4,22.0
2022-08-24,23.89,25.13,52,Stormy,12.82,22.0
2022-08-25,20.12,21.96,61,Stormy,4.82,22.0
2022-08-26,22.95,23.63,62,Cloudy,27.27,22.0
2022-08-27,21.94,21.86,34,Broken clouds,11.59,22.0
2022-08-28,13.33,12.07,49,Rainy,10.56,20.13
2022-08-29,23.03,24.11,70,Broken clouds,17.73,22.0
2022-08-30,22.17,23.17,46,Stormy,23.09,22.0
2022-08-31,20.76,21.56,83,Windy,9.44,22.0
2022-09-01,19.57,21.02,69,Rainy,12.97,22.0
2022-09-02,19.01,19.5,46,Rainy,27.52,20.2
2022-09-03,19.04,17.4,31,Stormy,3.83,20.26
2022-09-04,20.73,19.22,54,Sunny,11.04,19.55
2022-09-05,18.16,19.59,68,Rainy,0.43,19.73
2022-09-06,21.61,21.49,57,Cloudy,22.03,22.0
2022-09-07,17.22,18.68,33,Rainy,9.95,20.44
2022-09-08,18.67,16.88,96,Cloudy,21.57,20.97
2022-09-09,17.16,15.96,92,Rainy,18.66,21.0
2022-09-10,17.07,17.05,87,Cloudy,20.25,20.28
2022-09-11,18.41,16.82,72,Rainy,15.28,20.1
2022-09-12,19.55,19.51,75,Windy,6.33,20.85
2022-09-13,18.64,19.1,65,Rainy,11.66,19.04
2022-09-14,16.68,17.53,81,Windy,11.12,19.7
2022-09-15,18.52,17.24,71,Sunny,15.86,20.89
2022-09-16,18.43,20.33,98,Broken clouds,15.11,22.0
2022-09-17,16.39,16.61,31,Sunny,10.85,20.22
2022-09-18,18.44,19.94,57,Stormy,9.26,19.33
2022-09-19,20.18,21.88,65,Stormy,4.91,22.0
2022-09-20,20.52,19.9,86,Rainy,29.77,20.37
2022-09-21,19.8,18.15,79,Sunny,7.31,20.05
2022-09-22,17.0,15.81,83,Sunny,26.78,20.31
2022-09-23,18.11,17.32,80,Windy,19.44,20.58
2022-09-24,18.19,18.37,33,Broken clouds,7.08,19.12
2022-09-25,16.83,18.33,71,Windy,19.37,20.56
2022-09-26,20.8,19.72,64,Windy,23.13,19.44
2022-09-27,19.42,19.0,90,Cloudy,27.0,19.72
2022-09-28,15.7,17.61,35,Cloudy,15.15,20.46
2022-09-29,15.9,16.58,69,Cloudy,25.23,19.92
2022-09-30,16.99,17.97,66,Sunny,9.36,20.8
2022-10-01,13.09,15.05,63,Broken clouds,15.72,19.76
2022-10-02,16.89,15.89,57,Sunny,12.99,19.16
2022-10-03,14.86,14.17,40,Broken clouds,3.57,19.95
2022-10-04,14.89,15.72,85,Cloudy,24.29,20.43
2022-10-05,16.21,14.44,89,Rainy,23.71,19.52
2022-10-06,14.75,14.64,50,Rainy,12.85,20.42
2022-10-07,15.97,14.86,78,Cloudy,24.71,19.01
2022-10-08,14.15,15.2,92,Rainy,15.54,19.66
2022-10-09,13.58,14.87,51,Windy,21.8,20.92
2022-10-10,12.48,11.98,90,Rainy,23.3,19.43
2022-10-11,13.0,13.99,96,Stormy,28.28,19.13
2022-10-12,14.67,16.36,63,Windy,11.03,20.67
2022-10-13,15.34,15.67,49,Broken clouds,16.71,20.68
2022-10-14,17.6,16.3,60,Sunny,3.52,20.85
2022-10-15,12.77,11.81,73,Stormy,24.19,19.23
2022-10-16,13.78,11.99,48,Rainy,7.28,20.33
2022-10-17,13.91,12.76,80,Sunny,28.56,20.59
2022-10-18,14.39,12.94,59,Cloudy,10.26,20.32
2022-10-19,14.13,12.87,71,Stormy,5.26,20.98
2022-10-20,14.4,16.01,55,Rainy,12.45,20.7
2022-10-21,12.61,11.85,83,Stormy,8.89,20.25
2022-10-22,12.53,12.07,39,Rainy,24.99,20.91
2022-10-23,14.8,15.84,54,Stormy,22.09,19.36
2022-10-24,12.34,13.87,94,Sunny,22.84,19.41
2022-10-25,14.61,14.47,44,Sunny,12.22,20.79
2022-10-26,16.7,17.24,82,Stormy,27.58,19.42
2022-10-27,14.36,16.04,55,Stormy,6.45,19.97
2022-10-28,13.3,11.72,33,Stormy,12.26,19.66
2022-10-29,9.78,8.69,30,Windy,24.77,21.88
2022-10-30,15.4,14.54,85,Broken clouds,14.39,20.82
2022-10-31,17.66,18.42,41,Cloudy,10.12,19.62
2022-11-01,9.15,8.91,47,Windy,27.62,21.46
2022-11-02,8.65,7.65,74,Cloudy,1.32,21.44
2022-11-03,6.16,7.14,83,Cloudy,15.85,21.75
2022-11-04,8.13,7.94,51,Windy,24.01,20.57
2022-11-05,6.31,5.42,39,Sunny,20.25,21.26
2022-11-06,8.21,10.03,43,Cloudy,24.92,20.29
2022-11-07,9.96,10.3,92,Cloudy,6.94,19.73
2022-11-08,9.47,7.48,44,Windy,0.41,20.64
2022-11-09,5.73,5.25,56,Stormy,5.5,20.13
2022-11-10,8.28,9.45,82,Stormy,7.07,20.12
2022-11-11,5.83,7.65,52,Rainy,8.84,20.29
2022-11-12,7.38,6.7,48,Broken clouds,19.4,20.35
2022-11-13,7.87,7.7,74,Stormy,13.65,20.87
2022-11-14,5.5,5.7,33,Stormy,4.48,20.63
2022-11-15,8.63,9.57,65,Sunny,27.63,21.16
2022-11-16,6.25,7.22,72,Cloudy,27.55,20.89
2022-11-17,12.41,13.84,86,Stormy,16.95,20.0
2022-11-18,8.33,6.8,80,Rainy,15.9,21.11
2022-11-19,11.36,11.22,79,Rainy,19.03,20.19
2022-11-20,9.04,9.74,90,Rainy,16.62,21.97
2022-11-21,6.43,6.09,70,Rainy,18.76,21.1
2022-11-22,8.5,8.34,66,Sunny,28.35,20.16
2022-11-23,6.38,5.18,85,Rainy,12.63,21.61
2022-11-24,9.49,7.96,96,Rainy,13.8,21.19
2022-11-25,4.62,6.52,61,Stormy,25.93,21.01
2022-11-26,10.34,11.01,49,Cloudy,15.4,19.18
2022-11-27,6.68,6.92,89,Stormy,6.01,20.89
2022-11-28,6.94,6.98,52,Broken clouds,0.03,21.62
2022-11-29,7.92,8.76,32,Stormy,2.96,20.25
2022-11-30,9.11,10.54,94,Windy,28.54,20.48
2022-12-01,2.26,0.53,50,Broken Clouds,29.77,21.32
2022-12-02,5.06,5.9,46,Sunny,11.85,21.21
2022-12-03,3.71,2.0,39,Sunny,20.28,21.27
2022-12-04,4.1,4.72,36,Cloudy,13.25,21.76
2022-12-05,2.79,4.41,81,Snowy,25.97,21.04
2022-12-06,5.09,5.13,95,Broken clouds,26.79,20.82
2022-12-07,5.06,5.75,68,Stormy,0.67,20.24
2022-12-08,4.14,4.56,30,Stormy,19.02,20.88
2022-12-09,4.69,3.69,63,Stormy,8.95,21.66
2022-12-10,6.7,6.13,75,Broken clouds,19.42,21.27
2022-12-11,3.3,1.45,52,Snowy,9.29,20.82
2022-12-12,3.24,2.9,42,Stormy,25.99,20.15
2022-12-13,5.31,6.92,90,Cloudy,2.59,21.78
2022-12-14,3.41,2.85,76,Stormy,8.0,21.97
2022-12-15,5.58,6.31,79,Rainy,17.88,21.63
2022-12-16,2.09,1.57,55,Stormy,24.95,21.05
2022-12-17,5.15,6.23,49,Rainy,23.59,21.06
2022-12-18,7.3,7.16,52,Sunny,4.66,20.03
2022-12-19,2.27,0.8,72,Sunny,11.43,21.62
2022-12-20,6.5,8.01,71,Windy,6.26,20.47
2022-12-21,6.49,7.58,55,Rainy,5.99,21.69
2022-12-22,2.71,2.72,89,Rainy,25.6,21.12
2022-12-23,2.88,4.28,79,Sunny,28.61,21.32
2022-12-24,8.14,6.95,69,Sunny,1.29,21.71
2022-12-25,5.81,6.12,78,Cloudy,28.73,21.76
2022-12-26,2.47,2.05,88,Stormy,22.88,21.66
2022-12-27,3.28,3.0,37,Snowy,24.11,21.21
2022-12-28,7.58,8.07,73,Broken clouds,1.64,21.68
2022-12-29,0.29,-0.89,39,Broken Clouds,7.37,22.44
2022-12-30,3.53,2.93,71,Broken Clouds,14.57,21.07
2022-12-31,4.45,5.8,68,Stormy,3.02,21.14
2023-01-01,2.24,3.17,51,Snowy,19.93,21.55
2023-01-02,3.34,5.15,53,Cloudy,12.68,20.3
2023-01-03,7.55,5.81,93,Rainy,18.79,20.28
2023-01-04,4.53,6.3,89,Broken Clouds,25.32,20.8
2023-01-05,5.72,3.96,85,Stormy,28.39,20.33
2023-01-06,2.62,1.67,37,Sunny,22.76,20.06
2023-01-07,2.31,0.52,98,Cloudy,21.36,21.55
2023-01-08,4.7,5.26,37,Stormy,3.16,21.03
2023-01-09,2.93,3.27,52,Sunny,14.32,20.18
2023-01-10,4.1,2.64,57,Cloudy,12.83,20.73
2023-01-11,5.24,5.08,71,Windy,29.94,21.27
2023-01-12,0.05,1.41,77,Sunny,1.54,21.56
2023-01-13,2.94,0.98,90,Rainy,19.83,20.16
2023-01-14,-0.76,-0.79,40,Cloudy,1.24,26.87
2023-01-15,6.07,7.41,58,Stormy,1.66,21.24
2023-01-16,3.67,4.17,51,Rainy,5.05,20.19
2023-01-17,3.5,4.21,57,Snowy,24.78,21.17
2023-01-18,2.59,3.61,100,Snowy,9.09,21.84
2023-01-19,1.15,1.87,59,Snowy,0.15,20.2
2023-01-20,5.33,5.8,35,Windy,3.54,20.58
2023-01-21,6.62,5.59,92,Stormy,10.75,20.27
2023-01-22,3.84,2.9,36,Sunny,2.11,21.68
2023-01-23,3.39,3.37,74,Snowy,2.58,21.09
2023-01-24,1.77,-0.12,69,Sunny,3.25,23.16
2023-01-25,6.38,6.72,77,Windy,25.46,21.05
2023-01-26,5.04,4.92,78,Stormy,25.53,21.28
2023-01-27,6.48,7.98,86,Cloudy,9.51,20.66
2023-01-28,5.75,7.71,60,Windy,11.55,21.28
2023-01-29,3.33,2.03,70,Stormy,18.35,21.86
2023-01-30,3.02,4.24,86,Snowy,6.65,21.7
2023-01-31,1.42,1.4,85,Rainy,1.6,20.68
2023-02-01,5.14,5.98,97,Stormy,1.2,21.95
2023-02-02,4.43,4.63,71,Rainy,15.87,21.21
2023-02-03,2.48,2.81,33,Cloudy,29.92,21.96
2023-02-04,1.94,3.02,40,Snowy,2.15,20.26
2023-02-05,5.18,4.85,38,Windy,24.11,21.95
2023-02-06,0.42,-0.45,89,Sunny,25.07,26.47
2023-02-07,6.08,5.1,35,Stormy,9.03,21.08
2023-02-08,7.16,8.94,45,Broken clouds,7.85,20.49
2023-02-09,6.5,8.32,100,Windy,7.86,21.26
2023-02-10,3.72,3.98,33,Stormy,21.22,20.96
2023-02-11,5.76,7.65,65,Stormy,27.22,21.03
2023-02-12,5.98,5.3,48,Rainy,1.15,21.89
2023-02-13,3.35,2.98,37,Cloudy,12.66,20.75
2023-02-14,5.39,7.1,60,Rainy,19.18,20.48
2023-02-15,3.77,5.06,98,Broken Clouds,29.61,20.66
2023-02-16,5.72,6.74,68,Sunny,11.45,20.62
2023-02-17,1.11,2.74,86,Sunny,23.7,20.6
2023-02-18,4.86,4.7,62,Broken Clouds,14.15,20.99
2023-02-19,-1.06,-0.75,75,Rainy,29.14,23.04
2023-02-20,3.94,3.52,70,Broken Clouds,13.57,21.4
2023-02-21,6.94,8.78,32,Rainy,4.06,21.79
2023-02-22,1.72,2.35,66,Cloudy,13.08,21.0
2023-02-23,4.73,6.48,91,Rainy,20.35,20.76
2023-02-24,3.3,5.13,98,Sunny,8.63,21.62
2023-02-25,5.74,5.22,44,Stormy,5.06,21.12
2023-02-26,8.01,8.1,56,Broken clouds,15.19,21.99
2023-02-27,4.49,4.41,75,Cloudy,27.48,20.62
2023-02-28,5.51,5.41,87,Sunny,8.46,20.3
2023-03-01,5.38,5.14,85,Windy,10.21,20.69
2023-03-02,7.92,9.02,64,Broken clouds,23.52,20.5
2023-03-03,9.03,8.46,39,Windy,0.39,21.4
2023-03-04,4.72,5.93,56,Rainy,13.3,21.9
2023-03-05,8.07,7.82,60,Broken clouds,10.19,21.53
2023-03-06,5.72,7.37,84,Rainy,13.94,20.61
2023-03-07,6.46,5.13,37,Rainy,6.44,20.93
2023-03-08,9.47,10.58,33,Stormy,9.6,19.61
2023-03-09,5.4,5.02,47,Broken clouds,6.44,21.2
2023-03-10,7.14,8.57,57,Stormy,20.34,20.39
2023-03-11,8.28,7.37,91,Broken clouds,10.88,20.11
2023-03-12,4.42,3.64,71,Stormy,7.74,20.49
2023-03-13,4.66,3.62,100,Rainy,7.97,20.1
2023-03-14,5.98,4.35,74,Rainy,2.05,21.16
2023-03-15,8.99,7.21,79,Stormy,5.78,21.08
2023-03-16,10.89,11.82,34,Sunny,6.93,19.13
2023-03-17,4.52,4.19,46,Snowy,11.04,20.55
2023-03-18,5.25,6.47,68,Broken clouds,1.12,21.39
2023-03-19,7.45,8.42,64,Windy,10.23,21.45
2023-03-20,5.06,5.23,70,Windy,13.35,21.23
2023-03-21,6.43,4.72,49,Cloudy,6.92,21.74
2023-03-22,6.02,7.57,83,Windy,27.98,21.33
2023-03-23,9.4,11.34,43,Rainy,21.66,20.48
2023-03-24,5.7,4.97,52,Rainy,28.34,20.84
2023-03-25,8.05,6.9,64,Cloudy,21.84,20.83
2023-03-26,5.71,4.66,82,Stormy,17.91,20.51
2023-03-27,5.96,5.59,95,Rainy,24.61,20.85
2023-03-28,3.62,4.37,36,Cloudy,10.05,21.77
2023-03-29,8.0,7.92,64,Windy,21.81,21.44
2023-03-30,7.64,9.53,69,Cloudy,12.21,20.72
2023-03-31,7.28,7.48,64,Broken clouds,17.35,20.31
2023-04-01,12.85,12.25,69,Sunny,4.55,20.53
2023-04-02,10.59,11.84,90,Rainy,29.76,20.55
2023-04-03,12.38,10.91,78,Broken clouds,6.3,19.98
2023-04-04,15.11,13.31,91,Stormy,4.23,20.62
2023-04-05,10.42,9.44,86,Sunny,8.54,20.35
2023-04-06,12.85,11.01,52,Sunny,3.44,20.21
2023-04-07,11.17,11.31,70,Broken clouds,5.09,19.52
2023-04-08,9.25,7.52,95,Rainy,28.75,20.45
2023-04-09,14.5,15.08,39,Broken clouds,5.76,19.89
2023-04-10,9.01,9.79,78,Sunny,5.94,20.55
2023-04-11,11.11,11.8,78,Windy,2.77,20.6
2023-04-12,9.52,9.99,72,Cloudy,9.88,21.18
2023-04-13,9.49,8.38,68,Windy,11.46,20.22
2023-04-14,6.15,6.76,49,Sunny,10.9,21.3
2023-04-15,8.65,6.91,54,Sunny,9.77,20.3
2023-04-16,12.09,11.31,39,Windy,1.86,19.2
2023-04-17,11.05,11.76,45,Broken clouds,19.7,19.91
2023-04-18,10.76,12.12,76,Rainy,5.26,19.97
2023-04-19,11.91,11.59,90,Windy,16.99,19.11
2023-04-20,10.89,9.67,48,Sunny,15.08,20.33
2023-04-21,11.02,9.05,78,Windy,11.62,21.94
2023-04-22,9.41,10.4,78,Sunny,23.96,19.57
2023-04-23,8.34,9.94,38,Cloudy,29.51,20.24
2023-04-24,11.44,11.82,91,Windy,12.05,19.39
2023-04-25,11.48,10.89,69,Cloudy,6.77,19.7
2023-04-26,7.34,8.92,54,Stormy,4.78,20.22
2023-04-27,13.07,11.82,97,Sunny,10.58,19.17
2023-04-28,12.57,10.7,61,Sunny,3.82,20.48
2023-04-29,12.32,11.51,86,Cloudy,17.22,20.74
2023-04-30,13.42,11.94,87,Sunny,8.35,19.75
2023-05-01,18.92,17.44,100,Cloudy,24.57,20.93
2023-05-02,15.06,13.19,86,Windy,7.8,19.98
2023-05-03,15.36,14.0,97,Sunny,1.37,20.45
2023-05-04,16.82,16.84,38,Sunny,15.56,20.59
2023-05-05,13.57,12.36,36,Rainy,9.6,20.73
